G15	G1	1
G98	G1	1
G109	G1	1
G22	G9	1
G211	G11	1
G41	G12	1
G1	G13	1
G68	G14	1
G87	G14	1
G111	G14	1
G273	G14	1
G45	G15	1
G111	G15	1
G112	G15	1
G168	G15	1
G254	G15	1
G273	G15	1
G76	G19	1
G61	G20	1
G76	G20	1
G111	G20	1
G224	G20	1
G273	G20	1
G319	G20	1
G15	G21	1
G45	G21	1
G95	G21	1
G101	G21	1
G111	G21	1
G212	G21	1
G273	G21	1
G87	G22	1
G138	G23	1
G11	G25	1
G41	G25	1
G211	G25	1
G138	G27	1
G168	G29	1
G121	G30	1
G139	G30	1
G227	G30	1
G273	G30	1
G14	G37	1
G15	G37	1
G45	G37	1
G47	G37	1
G87	G37	1
G111	G37	1
G112	G37	1
G273	G37	1
G274	G37	1
G76	G41	1
G298	G41	1
G15	G43	1
G160	G43	1
G223	G43	1
G111	G44	1
G11	G45	1
G15	G45	1
G47	G45	1
G87	G45	1
G101	G45	1
G112	G45	1
G152	G45	1
G273	G45	1
G25	G47	1
G1	G48	1
G22	G48	1
G87	G48	1
G1	G52	1
G14	G52	1
G15	G52	1
G22	G52	1
G45	G52	1
G87	G52	1
G101	G52	1
G112	G52	1
G152	G52	1
G172	G52	1
G224	G52	1
G87	G53	1
G112	G53	1
G76	G55	1
G274	G55	1
G22	G58	1
G41	G62	1
G76	G63	1
G1	G65	1
G98	G65	1
G15	G66	1
G71	G66	1
G104	G66	1
G109	G66	1
G112	G66	1
G143	G66	1
G152	G66	1
G205	G66	1
G227	G66	1
G15	G68	1
G45	G68	1
G87	G68	1
G101	G68	1
G171	G68	1
G138	G70	1
G273	G70	1
G138	G72	1
G98	G74	1
G76	G78	1
G94	G78	1
G152	G79	1
G160	G80	1
G98	G81	1
G71	G82	1
G109	G82	1
G223	G82	1
G160	G85	1
G223	G85	1
G68	G88	1
G319	G90	1
G1	G97	1
G86	G97	1
G1	G98	1
G117	G100	1
G1	G101	1
G219	G102	1
G138	G105	1
G15	G107	1
G45	G107	1
G87	G107	1
G101	G107	1
G111	G107	1
G112	G107	1
G168	G107	1
G171	G107	1
G273	G107	1
G41	G108	1
G71	G109	1
G224	G110	1
G15	G111	1
G76	G112	1
G104	G112	1
G121	G112	1
G152	G112	1
G160	G112	1
G15	G113	1
G45	G113	1
G76	G113	1
G87	G113	1
G101	G113	1
G111	G113	1
G136	G113	1
G172	G113	1
G233	G113	1
G254	G113	1
G247	G115	1
G22	G116	1
G61	G116	1
G143	G116	1
G144	G116	1
G222	G116	1
G258	G116	1
G300	G116	1
G22	G117	1
G15	G119	1
G127	G122	1
G327	G124	1
G41	G128	1
G160	G128	1
G76	G130	1
G158	G130	1
G219	G130	1
G22	G134	1
G41	G136	1
G224	G136	1
G212	G142	1
G112	G143	1
G152	G143	1
G154	G143	1
G22	G144	1
G298	G144	1
G41	G145	1
G211	G148	1
G76	G150	1
G160	G151	1
G319	G151	1
G1	G153	1
G86	G153	1
G97	G153	1
G126	G156	1
G14	G158	1
G15	G158	1
G22	G158	1
G45	G158	1
G87	G158	1
G101	G158	1
G111	G158	1
G273	G158	1
G1	G172	1
G76	G172	1
G98	G172	1
G71	G175	1
G41	G178	1
G160	G178	1
G101	G183	1
G160	G183	1
G231	G184	1
G22	G187	1
G110	G187	1
G221	G187	1
G224	G187	1
G41	G188	1
G298	G192	1
G160	G194	1
G111	G198	1
G136	G198	1
G258	G198	1
G117	G202	1
G127	G203	1
G41	G209	1
G211	G210	1
G221	G210	1
G87	G211	1
G303	G211	1
G138	G212	1
G71	G213	1
G25	G215	1
G87	G216	1
G219	G216	1
G41	G218	1
G34	G222	1
G71	G222	1
G121	G222	1
G143	G222	1
G274	G222	1
G222	G227	1
G1	G228	1
G98	G228	1
G41	G229	1
G138	G229	1
G41	G234	1
G117	G234	1
G219	G235	1
G276	G235	1
G138	G239	1
G104	G240	1
G112	G240	1
G152	G240	1
G22	G241	1
G111	G241	1
G50	G245	1
G76	G245	1
G126	G245	1
G138	G245	1
G158	G245	1
G224	G245	1
G15	G248	1
G104	G248	1
G112	G248	1
G143	G248	1
G152	G248	1
G154	G248	1
G34	G250	1
G222	G253	1
G62	G255	1
G95	G255	1
G136	G255	1
G224	G255	1
G289	G255	1
G15	G260	1
G45	G260	1
G1	G261	1
G15	G261	1
G98	G261	1
G101	G261	1
G109	G261	1
G176	G261	1
G205	G261	1
G111	G266	1
G50	G268	1
G76	G268	1
G14	G270	1
G15	G270	1
G110	G270	1
G112	G270	1
G152	G270	1
G224	G270	1
G111	G271	1
G138	G271	1
G14	G273	1
G45	G273	1
G71	G273	1
G224	G275	1
G34	G278	1
G98	G278	1
G212	G279	1
G316	G280	1
G41	G282	1
G14	G285	1
G97	G292	1
G76	G295	1
G224	G295	1
G329	G295	1
G104	G296	1
G112	G296	1
G152	G296	1
G76	G298	1
G94	G298	1
G117	G298	1
G15	G304	1
G22	G304	1
G87	G304	1
G101	G304	1
G15	G305	1
G112	G305	1
G15	G313	1
G171	G313	1
G109	G319	1
G138	G319	1
G327	G319	1
G319	G321	1
G138	G328	1
G224	G329	1
G138	G330	1
G224	G332	1
G109	G337	1
G288	G345	1
G102	G346	1
G76	G354	1
G41	G355	1
G50	G355	1
G76	G355	1
G138	G355	1
G147	G355	1
G199	G355	1
G76	G363	1
G41	G365	1
G41	G366	1
G76	G367	1
G41	G368	1
G298	G372	1
G71	G373	1
G121	G373	1
G143	G373	1
G160	G373	1
G256	G374	1
G221	G375	1
G160	G376	1
G22	G377	1
G97	G379	1
G14	G391	1
G22	G391	1
G47	G391	1
G139	G391	1
G168	G391	1
G212	G391	1
G227	G391	1
G233	G391	1
G273	G391	1
G316	G391	1
G288	G393	1
G1	G395	1
G11	G395	1
G98	G395	1
G101	G395	1
G138	G409	1
G171	G411	1
G65	G415	1
G66	G415	1
G109	G416	1
G102	G421	1
G212	G421	1
G219	G421	1
G41	G423	1
G68	G433	1
G171	G433	1
G112	G434	1
G152	G434	1
G76	G437	1
G117	G437	1
G147	G437	1
G199	G437	1
G71	G438	1
G109	G439	1
G1	G453	1
G76	G453	1
G117	G461	1
G214	G461	1
G22	G462	1
G87	G462	1
G97	G463	1
G212	G469	1
G319	G469	1
G324	G469	1
G160	G473	1
G87	G478	1
G319	G479	1
G223	G482	1
G319	G482	1
G324	G482	1
G111	G490	1
G104	G495	1
G112	G495	1
G152	G495	1
G154	G495	1
G68	G499	1
G171	G499	1
G110	G500	1
G224	G500	1
G104	G501	1
G171	G501	1
G14	G504	1
G15	G504	1
G45	G504	1
G101	G504	1
G111	G504	1
G112	G504	1
G257	G504	1
G273	G504	1
G160	G508	1
G168	G510	1
G109	G512	1
G22	G513	1
G11	G514	1
G104	G514	1
G112	G514	1
G117	G514	1
G211	G514	1
G212	G514	1
G224	G514	1
G247	G514	1
G301	G515	1
G95	G517	1
G97	G517	1
G136	G517	1
G97	G518	1
G303	G520	1
G1	G524	1
G76	G524	1
G160	G526	1
G15	G527	1
G41	G531	1
G1	G532	1
G319	G533	1
G291	G537	1
G11	G539	1
G76	G539	1
G87	G539	1
G101	G539	1
G211	G539	1
G219	G539	1
G211	G541	1
G298	G541	1
G97	G543	1
G319	G543	1
G160	G544	1
G117	G545	1
G41	G547	1
G71	G548	1
G109	G548	1
G121	G548	1
G143	G548	1
G87	G552	1
G117	G552	1
G122	G552	1
G136	G552	1
G224	G552	1
G97	G554	1
G138	G554	1
G71	G559	1
G87	G559	1
G111	G559	1
G41	G560	1
G98	G560	1
G34	G565	1
G160	G565	1
G1	G569	1
G71	G569	1
G121	G569	1
G143	G569	1
G138	G574	1
G219	G575	1
G138	G577	1
G102	G580	1
G303	G581	1
G101	G582	1
G22	G584	1
G139	G584	1
G138	G587	1
G76	G590	1
G258	G602	1
G138	G604	1
G1	G606	1
G98	G606	1
G71	G610	1
G104	G610	1
G112	G610	1
G143	G610	1
G152	G610	1
G41	G612	1
G171	G612	1
G219	G612	1
G76	G623	1
G94	G623	1
G111	G624	1
G319	G625	1
G274	G630	1
G41	G638	1
G71	G641	1
G223	G641	1
G138	G642	1
G224	G648	1
G176	G649	1
G76	G650	1
G19	G666	1
G319	G666	1
G301	G669	1
G224	G670	1
G45	G671	1
G102	G671	1
G127	G671	1
G203	G671	1
G297	G671	1
G288	G672	1
G138	G673	1
G221	G673	1
G222	G673	1
G298	G673	1
G176	G674	1
G219	G674	1
G274	G674	1
G109	G675	1
G211	G677	1
G138	G681	1
G223	G688	1
G319	G688	1
G324	G688	1
G300	G689	1
G1	G693	1
G196	G695	1
G143	G701	1
G104	G705	1
G138	G705	1
G104	G706	1
G152	G706	1
G76	G713	1
G160	G713	1
G138	G720	1
G61	G721	1
G71	G721	1
G76	G721	1
G109	G721	1
G22	G723	1
G141	G724	1
G224	G725	1
G247	G729	1
G298	G730	1
G212	G732	1
G94	G734	1
G160	G734	1
G298	G734	1
G87	G735	1
G71	G739	1
G104	G739	1
G109	G739	1
G152	G739	1
G220	G745	1
G87	G747	1
G301	G748	1
G223	G750	1
G1	G752	1
G87	G752	1
G111	G752	1
G168	G752	1
G303	G752	1
G14	G769	1
G214	G769	1
G273	G769	1
G76	G774	1
G152	G776	1
G327	G776	1
G61	G779	1
G214	G780	1
G41	G782	1
G138	G790	1
G217	G794	1
G14	G803	1
G47	G803	1
G61	G803	1
G87	G803	1
G111	G803	1
G136	G803	1
G143	G803	1
G15	G807	1
G101	G807	1
G316	G807	1
G138	G810	1
G211	G816	1
G22	G825	1
G68	G825	1
G76	G825	1
G87	G825	1
G110	G825	1
G171	G825	1
G41	G828	1
G14	G836	1
G94	G836	1
G273	G836	1
G22	G840	1
G87	G840	1
G112	G840	1
G61	G841	1
G68	G841	1
G152	G841	1
G171	G841	1
G76	G842	1
G217	G842	1
G222	G842	1
G76	G845	1
G71	G849	1
G62	G852	1
G158	G852	1
G219	G852	1
G289	G852	1
G316	G852	1
G61	G853	1
G222	G853	1
G34	G856	1
G274	G856	1
G50	G861	1
G171	G861	1
G98	G862	1
G138	G868	1
G65	G878	1
G86	G879	1
G138	G879	1
G223	G886	1
G319	G886	1
G301	G888	1
G117	G890	1
G247	G890	1
G41	G892	1
G219	G892	1
G76	G893	1
G143	G893	1
G219	G893	1
G222	G893	1
G258	G893	1
G34	G894	1
G219	G894	1
G1	G904	1
G98	G904	1
G172	G904	1
G136	G905	1
G319	G905	1
G71	G909	1
G121	G909	1
G143	G909	1
G76	G913	1
G1	G917	1
G14	G917	1
G15	G917	1
G22	G917	1
G61	G917	1
G71	G917	1
G87	G917	1
G139	G917	1
G222	G917	1
G97	G919	1
G17	G921	1
G41	G921	1
G61	G921	1
G87	G921	1
G117	G923	1
G303	G923	1
G319	G923	1
G224	G930	1
G1	G931	1
G98	G931	1
G121	G931	1
G316	G931	1
G11	G935	1
G211	G935	1
G233	G935	1
G19	G938	1
G68	G938	1
G104	G941	1
G112	G941	1
G104	G942	1
G160	G944	1
G176	G951	1
G224	G951	1
G19	G954	1
G68	G954	1
G1	G955	1
G61	G955	1
G109	G955	1
G222	G955	1
G11	G957	1
G15	G957	1
G45	G957	1
G47	G957	1
G87	G957	1
G101	G957	1
G112	G957	1
G152	G957	1
G273	G957	1
G50	G959	1
G87	G962	1
G219	G962	1
G137	G963	1
G138	G966	1
G41	G971	1
G212	G971	1
G222	G971	1
G138	G975	1
G152	G976	1
G138	G978	1
G1	G990	1
G98	G990	1
G223	G995	1
G41	G996	1
G76	G996	1
G121	G996	1
G296	G996	1
G319	G998	1
G1	G1000	1
G15	G1000	1
G87	G1000	1
G98	G1000	1
G104	G1000	1
G112	G1000	1
G152	G1000	1
G168	G1000	1
G227	G1000	1
G172	G1001	1
G71	G1008	1
G138	G1011	1
G104	G1014	1
G76	G1016	1
G224	G1016	1
G121	G1019	1
G296	G1019	1
G138	G1020	1
G22	G1028	1
G87	G1028	1
G112	G1028	1
G109	G1029	1
G71	G1031	1
G109	G1031	1
G62	G1033	1
G224	G1035	1
G22	G1039	1
G160	G1042	1
G97	G1043	1
G1	G1047	1
G98	G1047	1
G121	G1047	1
G172	G1047	1
G95	G1051	1
G104	G1051	1
G212	G1051	1
G71	G1053	1
G87	G1053	1
G121	G1053	1
G168	G1053	1
G1	G1055	1
G172	G1055	1
G104	G1060	1
G152	G1060	1
G97	G1061	1
G172	G1063	1
G301	G1067	1
G199	G1068	1
G1	G1069	1
G41	G1070	1
G158	G1070	1
G219	G1070	1
G76	G1071	1
G160	G1071	1
G227	G1071	1
G138	G1072	1
G219	G1072	1
G222	G1073	1
G34	G1076	1
G98	G1076	1
G45	G1085	1
G101	G1085	1
G139	G1085	1
G34	G1092	1
G41	G1092	1
G274	G1092	1
G15	G1094	1
G71	G1094	1
G104	G1094	1
G109	G1094	1
G112	G1094	1
G143	G1094	1
G152	G1094	1
G205	G1094	1
G227	G1094	1
G41	G1097	1
G61	G1099	1
G68	G1099	1
G152	G1099	1
G171	G1099	1
G298	G1103	1
G221	G1104	1
G158	G1105	1
G65	G1112	1
G95	G1112	1
G160	G1119	1
G1	G1125	1
G71	G1127	1
G104	G1127	1
G152	G1127	1
G223	G1132	1
G319	G1132	1
G223	G1135	1
G41	G1136	1
G41	G1137	1
G76	G1139	1
G224	G1139	1
G301	G1139	1
G214	G1140	1
G327	G1140	1
G273	G1141	1
G126	G1142	1
G222	G1142	1
G41	G1145	1
G68	G1146	1
G171	G1146	1
G98	G1158	1
G1	G1163	1
G76	G1163	1
G98	G1163	1
G104	G1163	1
G112	G1163	1
G152	G1163	1
G172	G1163	1
G41	G1169	1
G224	G1175	1
G138	G1180	1
G211	G1183	1
G221	G1183	1
G124	G1186	1
G97	G1187	1
G298	G1189	1
G61	G1196	1
G121	G1196	1
G212	G1196	1
G222	G1196	1
G214	G1204	1
G41	G1206	1
G104	G1206	1
G65	G1208	1
G95	G1208	1
G65	G1217	1
G138	G1217	1
G279	G1217	1
G14	G1221	1
G15	G1221	1
G22	G1221	1
G45	G1221	1
G47	G1221	1
G101	G1221	1
G152	G1221	1
G158	G1221	1
G273	G1221	1
G50	G1227	1
G61	G1229	1
G71	G1229	1
G124	G1229	1
G222	G1229	1
G76	G1230	1
G160	G1230	1
G171	G1232	1
G22	G1236	1
G41	G1237	1
G11	G1238	1
G211	G1238	1
G50	G1240	1
G76	G1240	1
G138	G1243	1
G62	G1250	1
G289	G1250	1
G316	G1250	1
G15	G1251	1
G45	G1251	1
G61	G1251	1
G87	G1251	1
G95	G1251	1
G104	G1251	1
G112	G1251	1
G139	G1251	1
G143	G1251	1
G152	G1251	1
G154	G1251	1
G171	G1251	1
G227	G1251	1
G276	G1251	1
G111	G1255	1
G1	G1256	1
G98	G1256	1
G127	G1259	1
G224	G1259	1
G298	G1264	1
G273	G1265	1
G1	G1266	1
G157	G1266	1
G76	G1267	1
G104	G1267	1
G112	G1267	1
G121	G1267	1
G152	G1267	1
G160	G1267	1
G117	G1269	1
G111	G1273	1
G273	G1273	1
G50	G1274	1
G76	G1274	1
G126	G1274	1
G138	G1274	1
G158	G1274	1
G224	G1274	1
G160	G1280	1
G298	G1293	1
G222	G1296	1
G110	G1297	1
G122	G1297	1
G205	G1297	1
G224	G1297	1
G86	G1298	1
G111	G1298	1
G138	G1299	1
G298	G1299	1
G298	G1302	1
G319	G1306	1
G324	G1306	1
G104	G1309	1
G152	G1309	1
G138	G1310	1
G41	G1311	1
G68	G1314	1
G94	G1314	1
G171	G1314	1
G22	G1315	1
G219	G1319	1
G203	G1320	1
G41	G1321	1
G224	G1324	1
G276	G1324	1
G76	G1327	1
G138	G1327	1
G160	G1327	1
G112	G1329	1
G152	G1329	1
G76	G1334	1
G86	G1334	1
G104	G1334	1
G112	G1334	1
G41	G1335	1
G302	G1337	1
G298	G1343	1
G111	G1344	1
G138	G1346	1
G76	G1347	1
G224	G1347	1
G126	G1356	1
G1	G1358	1
G112	G1358	1
G152	G1358	1
G14	G1359	1
G158	G1364	1
G219	G1364	1
G15	G1366	1
G219	G1366	1
G223	G1366	1
G76	G1367	1
G298	G1367	1
G50	G1369	1
G76	G1369	1
G301	G1370	1
G76	G1371	1
G224	G1372	1
G1	G1373	1
G98	G1373	1
G121	G1373	1
G316	G1373	1
G220	G1375	1
G1	G1376	1
G87	G1376	1
G101	G1376	1
G235	G1376	1
G254	G1376	1
G157	G1378	1
G45	G1380	1
G71	G1380	1
G104	G1380	1
G143	G1380	1
G152	G1380	1
G227	G1380	1
G41	G1386	1
G136	G1388	1
G319	G1388	1
G41	G1389	1
G223	G1389	1
G94	G1395	1
G22	G1398	1
G138	G1399	1
G76	G1404	1
G298	G1404	1
G41	G1406	1
G138	G1406	1
G15	G1407	1
G111	G1407	1
G76	G1409	1
G138	G1409	1
G1	G1411	1
G98	G1411	1
G136	G1413	1
G212	G1413	1
G224	G1413	1
G111	G1414	1
G222	G1415	1
G223	G1416	1
G109	G1421	1
G298	G1421	1
G41	G1424	1
G97	G1425	1
G223	G1425	1
G87	G1433	1
G219	G1433	1
G87	G1445	1
G117	G1445	1
G158	G1445	1
G160	G1445	1
G104	G1452	1
G41	G1459	1
G15	G1461	1
G22	G1461	1
G101	G1461	1
G76	G1462	1
G97	G1465	1
G143	G1466	1
G231	G1468	1
G104	G1469	1
G41	G1474	1
G50	G1474	1
G76	G1474	1
G138	G1474	1
G147	G1474	1
G199	G1474	1
G68	G1477	1
G171	G1477	1
G95	G1480	1
G121	G1481	1
G298	G1481	1
G104	G1490	1
G219	G1491	1
G219	G1493	1
G319	G1500	1
G127	G1507	1
G76	G1511	1
G135	G1511	1
G160	G1511	1
G221	G1511	1
G41	G1512	1
G15	G1513	1
G119	G1513	1
G121	G1513	1
G298	G1514	1
G41	G1517	1
G97	G1517	1
G110	G1518	1
G224	G1518	1
G223	G1527	1
G319	G1527	1
G104	G1528	1
G14	G1529	1
G97	G1529	1
G171	G1529	1
G1	G1530	1
G98	G1530	1
G95	G1531	1
G112	G1531	1
G143	G1531	1
G152	G1531	1
G154	G1531	1
G172	G1531	1
G219	G1531	1
G86	G1532	1
G41	G1538	1
G319	G1540	1
G199	G1542	1
G15	G1545	1
G45	G1545	1
G136	G1546	1
G41	G1548	1
G223	G1548	1
G76	G1549	1
G172	G1549	1
G94	G1551	1
G121	G1558	1
G14	G1561	1
G47	G1561	1
G61	G1561	1
G87	G1561	1
G111	G1561	1
G136	G1561	1
G143	G1561	1
G223	G1563	1
G273	G1563	1
G324	G1563	1
G104	G1564	1
G152	G1564	1
G224	G1567	1
G41	G1569	1
G138	G1578	1
G11	G1582	1
G211	G1582	1
G219	G1582	1
G1	G1583	1
G98	G1583	1
G41	G1584	1
G71	G1584	1
G109	G1584	1
G147	G1585	1
G168	G1585	1
G199	G1585	1
G295	G1585	1
G68	G1586	1
G94	G1586	1
G171	G1586	1
G138	G1587	1
G25	G1588	1
G41	G1592	1
G138	G1592	1
G214	G1593	1
G327	G1593	1
G224	G1596	1
G224	G1602	1
G87	G1604	1
G223	G1604	1
G319	G1604	1
G219	G1608	1
G168	G1622	1
G19	G1624	1
G160	G1636	1
G41	G1638	1
G71	G1644	1
G109	G1644	1
G121	G1644	1
G143	G1644	1
G138	G1648	1
G298	G1648	1
G41	G1650	1
G22	G1652	1
G76	G1652	1
G221	G1652	1
G95	G1657	1
G61	G1663	1
G104	G1663	1
G109	G1663	1
G112	G1663	1
G152	G1663	1
G222	G1663	1
G41	G1664	1
G97	G1664	1
G222	G1669	1
G98	G1671	1
G14	G1672	1
G15	G1672	1
G22	G1672	1
G45	G1672	1
G47	G1672	1
G101	G1672	1
G152	G1672	1
G158	G1672	1
G273	G1672	1
G71	G1674	1
G102	G1674	1
G109	G1674	1
G217	G1674	1
G76	G1676	1
G160	G1676	1
G227	G1676	1
G138	G1680	1
G160	G1680	1
G68	G1691	1
G102	G1691	1
G117	G1691	1
G22	G1692	1
G139	G1692	1
G76	G1694	1
G137	G1695	1
G211	G1696	1
G11	G1698	1
G34	G1698	1
G47	G1698	1
G143	G1698	1
G211	G1698	1
G219	G1698	1
G274	G1698	1
G45	G1699	1
G101	G1699	1
G111	G1699	1
G211	G1699	1
G221	G1699	1
G254	G1699	1
G257	G1699	1
G273	G1699	1
G223	G1702	1
G319	G1702	1
G15	G1709	1
G224	G1709	1
G224	G1714	1
G158	G1716	1
G302	G1723	1
G109	G1729	1
G219	G1731	1
G168	G1732	1
G104	G1734	1
G160	G1736	1
G319	G1737	1
G138	G1751	1
G17	G1754	1
G41	G1754	1
G61	G1754	1
G87	G1754	1
G41	G1757	1
G76	G1762	1
G221	G1762	1
G34	G1763	1
G111	G1763	1
G219	G1763	1
G250	G1763	1
G274	G1763	1
G316	G1763	1
G1	G1764	1
G41	G1764	1
G137	G1764	1
G101	G1765	1
G258	G1769	1
G15	G1773	1
G45	G1773	1
G61	G1773	1
G87	G1773	1
G95	G1773	1
G104	G1773	1
G112	G1773	1
G139	G1773	1
G143	G1773	1
G152	G1773	1
G154	G1773	1
G171	G1773	1
G227	G1773	1
G276	G1773	1
G319	G1776	1
G104	G1777	1
G152	G1777	1
G302	G1778	1
G160	G1779	1
G22	G1780	1
G68	G1780	1
G87	G1780	1
G95	G1780	1
G110	G1780	1
G222	G1780	1
G1	G1781	1
G98	G1781	1
G1	G1782	1
G98	G1782	1
G109	G1782	1
G97	G1784	1
G221	G1784	1
G110	G1788	1
G158	G1788	1
G224	G1788	1
G60	G1795	1
G102	G1795	1
G223	G1795	1
G319	G1795	1
G50	G1809	1
G76	G1809	1
G136	G1811	1
G71	G1817	1
G111	G1818	1
G224	G1818	1
G76	G1819	1
G87	G1819	1
G214	G1821	1
G1	G1824	1
G98	G1824	1
G112	G1824	1
G139	G1824	1
G152	G1824	1
G76	G1826	1
G298	G1830	1
G138	G1833	1
G231	G1834	1
G97	G1837	1
G50	G1847	1
G68	G1849	1
G171	G1849	1
G41	G1853	1
G76	G1860	1
G15	G1861	1
G11	G1878	1
G34	G1878	1
G47	G1878	1
G143	G1878	1
G211	G1878	1
G219	G1878	1
G274	G1878	1
G1	G1880	1
G152	G1880	1
G138	G1881	1
G97	G1885	1
G41	G1891	1
G41	G1893	1
G126	G1898	1
G41	G1900	1
G62	G1904	1
G158	G1906	1
G111	G1908	1
G276	G1908	1
G1	G1911	1
G15	G1911	1
G45	G1911	1
G87	G1911	1
G101	G1911	1
G111	G1911	1
G273	G1911	1
G319	G1911	1
G298	G1915	1
G152	G1920	1
G327	G1920	1
G71	G1922	1
G95	G1922	1
G143	G1922	1
G171	G1922	1
G104	G1924	1
G62	G1928	1
G219	G1928	1
G319	G1929	1
G298	G1937	1
G138	G1938	1
G98	G1940	1
G144	G1940	1
G203	G1940	1
G250	G1940	1
G41	G1943	1
G5	G1952	1
G276	G1952	1
G1	G1957	1
G15	G1957	1
G87	G1957	1
G98	G1957	1
G104	G1957	1
G112	G1957	1
G152	G1957	1
G168	G1957	1
G227	G1957	1
G211	G1958	1
G98	G1959	1
G50	G1961	1
G171	G1961	1
G117	G1962	1
G224	G1962	1
G329	G1962	1
G76	G1965	1
G76	G1966	1
G147	G1966	1
G199	G1966	1
G295	G1966	1
G211	G1970	1
G221	G1970	1
G224	G1975	1
G76	G1979	1
G94	G1980	1
G157	G1980	1
G1	G1983	1
G94	G1983	1
G160	G1986	1
G199	G1986	1
G224	G1986	1
G301	G1986	1
G62	G1987	1
G158	G1987	1
G316	G1987	1
G212	G1991	1
G41	G1992	1
G298	G1992	1
G41	G1998	1
G138	G1999	1
G76	G2002	1
G11	G2004	1
G34	G2004	1
G45	G2004	1
G111	G2004	1
G273	G2004	1
G274	G2004	1
G211	G2005	1
G223	G2006	1
G76	G2010	1
G158	G2011	1
G1	G2012	1
G50	G2012	1
G98	G2012	1
G172	G2012	1
G34	G2013	1
G117	G2013	1
G219	G2013	1
G274	G2013	1
G303	G2013	1
G276	G2020	1
G87	G2022	1
G104	G2022	1
G152	G2022	1
G301	G2024	1
G138	G2029	1
G274	G2030	1
G160	G2034	1
G245	G2034	1
G256	G2037	1
G34	G2042	1
G138	G2044	1
G109	G2046	1
G111	G2047	1
G104	G2049	1
G104	G2050	1
G152	G2050	1
G1	G2051	1
G76	G2051	1
G98	G2051	1
G172	G2051	1
G15	G2052	1
G71	G2052	1
G98	G2053	1
G139	G2053	1
G176	G2053	1
G229	G2053	1
G258	G2053	1
G276	G2053	1
G121	G2055	1
G298	G2055	1
G41	G2060	1
G160	G2060	1
G301	G2063	1
G104	G2067	1
G41	G2074	1
G212	G2074	1
G138	G2076	1
G160	G2076	1
G327	G2083	1
G22	G2086	1
G121	G2086	1
G117	G2088	1
G224	G2088	1
G22	G2093	1
G68	G2093	1
G171	G2093	1
G319	G2094	1
G301	G2095	1
G111	G2096	1
G273	G2096	1
G222	G2097	1
G152	G2100	1
G138	G2105	1
G61	G2107	1
G121	G2107	1
G212	G2107	1
G222	G2107	1
G104	G2111	1
G71	G2112	1
G109	G2112	1
G61	G2117	1
G87	G2117	1
G136	G2117	1
G143	G2117	1
G22	G2118	1
G68	G2118	1
G171	G2118	1
G76	G2120	1
G86	G2120	1
G104	G2120	1
G112	G2120	1
G224	G2122	1
G329	G2122	1
G319	G2124	1
G15	G2126	1
G101	G2126	1
G316	G2126	1
G11	G2132	1
G68	G2132	1
G87	G2132	1
G117	G2132	1
G171	G2132	1
G211	G2132	1
G247	G2132	1
G303	G2132	1
G1	G2135	1
G71	G2135	1
G121	G2135	1
G143	G2135	1
G41	G2141	1
G1	G2142	1
G98	G2142	1
G212	G2142	1
G223	G2142	1
G15	G2144	1
G136	G2144	1
G302	G2144	1
G1	G2150	1
G50	G2150	1
G98	G2150	1
G172	G2150	1
G97	G2155	1
G45	G2156	1
G219	G2156	1
G138	G2157	1
G19	G2159	1
G319	G2159	1
G110	G2167	1
G97	G2168	1
G160	G2172	1
G223	G2172	1
G68	G2175	1
G94	G2175	1
G111	G2175	1
G223	G2176	1
G319	G2176	1
G41	G2183	1
G76	G2187	1
G147	G2187	1
G212	G2187	1
G76	G2188	1
G85	G2189	1
G87	G2189	1
G288	G2189	1
G302	G2189	1
G212	G2196	1
G41	G2198	1
G211	G2206	1
G22	G2207	1
G76	G2207	1
G221	G2207	1
G172	G2208	1
G126	G2225	1
G104	G2226	1
G152	G2226	1
G214	G2226	1
G41	G2231	1
G102	G2233	1
G160	G2239	1
G223	G2242	1
G319	G2242	1
G324	G2242	1
G212	G2245	1
G87	G2249	1
G104	G2252	1
G171	G2253	1
G298	G2253	1
G327	G2254	1
G76	G2255	1
G147	G2255	1
G295	G2255	1
G1	G2259	1
G98	G2259	1
G139	G2259	1
G172	G2259	1
G101	G2261	1
G95	G2262	1
G231	G2263	1
G94	G2267	1
G327	G2267	1
G65	G2271	1
G68	G2271	1
G171	G2271	1
G41	G2272	1
G219	G2273	1
G224	G2283	1
G298	G2283	1
G223	G2290	1
G319	G2290	1
G138	G2292	1
G41	G2293	1
G71	G2297	1
G109	G2297	1
G41	G2299	1
G104	G2302	1
G220	G2303	1
G11	G2306	1
G211	G2306	1
G15	G2308	1
G111	G2308	1
G76	G2311	1
G274	G2311	1
G319	G2315	1
G71	G2317	1
G87	G2322	1
G111	G2322	1
G117	G2322	1
G247	G2322	1
G303	G2322	1
G158	G2323	1
G319	G2325	1
G222	G2326	1
G104	G2329	1
G158	G2331	1
G160	G2333	1
G15	G2339	1
G22	G2339	1
G45	G2339	1
G98	G2339	1
G112	G2339	1
G152	G2339	1
G172	G2339	1
G104	G2343	1
G1	G2346	1
G104	G2346	1
G112	G2346	1
G152	G2346	1
G154	G2346	1
G172	G2346	1
G34	G2354	1
G157	G2355	1
G112	G2356	1
G152	G2356	1
G171	G2356	1
G219	G2356	1
G227	G2356	1
G50	G2358	1
G76	G2358	1
G97	G2359	1
G137	G2359	1
G279	G2361	1
G112	G2365	1
G224	G2366	1
G329	G2366	1
G219	G2367	1
G224	G2370	1
G205	G2373	1
G319	G2375	1
G11	G2383	1
G211	G2383	1
G219	G2383	1
G104	G2389	1
G112	G2389	1
G152	G2389	1
G154	G2389	1
G1	G2390	1
G15	G2390	1
G45	G2390	1
G87	G2390	1
G98	G2390	1
G104	G2390	1
G112	G2390	1
G139	G2390	1
G152	G2390	1
G168	G2390	1
G172	G2390	1
G109	G2392	1
G19	G2394	1
G319	G2394	1
G1	G2398	1
G98	G2398	1
G19	G2400	1
G223	G2405	1
G319	G2405	1
G41	G2408	1
G45	G2408	1
G227	G2408	1
G97	G2410	1
G19	G2412	1
G58	G2412	1
G223	G2412	1
G319	G2412	1
G1	G2415	1
G101	G2415	1
G41	G2417	1
G41	G2422	1
G160	G2422	1
G87	G2423	1
G104	G2423	1
G152	G2423	1
G138	G2430	1
G41	G2431	1
G160	G2436	1
G22	G2439	1
G110	G2439	1
G111	G2439	1
G160	G2439	1
G258	G2439	1
G302	G2439	1
G41	G2445	1
G138	G2454	1
G117	G2456	1
G303	G2456	1
G202	G2461	1
G279	G2461	1
G1	G2465	1
G138	G2469	1
G158	G2470	1
G219	G2470	1
G138	G2475	1
G214	G2476	1
G111	G2484	1
G111	G2491	1
G71	G2501	1
G109	G2501	1
G136	G2501	1
G41	G2505	1
G127	G2506	1
G71	G2511	1
G109	G2511	1
G160	G2513	1
G138	G2518	1
G76	G2519	1
G104	G2520	1
G112	G2520	1
G152	G2520	1
G71	G2524	1
G87	G2524	1
G104	G2524	1
G109	G2524	1
G138	G2524	1
G143	G2524	1
G152	G2524	1
G211	G2524	1
G19	G2528	1
G223	G2528	1
G319	G2528	1
G15	G2530	1
G95	G2535	1
G231	G2537	1
G117	G2540	1
G1	G2542	1
G76	G2542	1
G222	G2544	1
G298	G2546	1
G219	G2547	1
G152	G2550	1
G160	G2550	1
G212	G2553	1
G71	G2554	1
G223	G2554	1
G41	G2557	1
G109	G2558	1
G1	G2569	1
G172	G2569	1
G298	G2570	1
G117	G2575	1
G247	G2575	1
G71	G2578	1
G87	G2578	1
G104	G2578	1
G109	G2578	1
G138	G2578	1
G143	G2578	1
G152	G2578	1
G211	G2578	1
G34	G2579	1
G109	G2579	1
G138	G2579	1
G274	G2579	1
G211	G2583	1
G298	G2583	1
G138	G2586	1
G112	G2587	1
G152	G2587	1
G154	G2587	1
G76	G2591	1
G41	G2592	1
G76	G2592	1
G122	G2592	1
G205	G2592	1
G288	G2592	1
G298	G2592	1
G87	G2596	1
G101	G2596	1
G143	G2596	1
G273	G2596	1
G1	G2601	1
G22	G2603	1
G104	G2605	1
G41	G2613	1
G45	G2613	1
G227	G2613	1
G41	G2614	1
G76	G2623	1
G211	G2624	1
G319	G2628	1
G41	G2633	1
G41	G2635	1
G62	G2639	1
G11	G2645	1
G117	G2645	1
G211	G2645	1
G22	G2647	1
G68	G2647	1
G87	G2647	1
G117	G2647	1
G171	G2647	1
G211	G2647	1
G176	G2651	1
G110	G2658	1
G138	G2658	1
G224	G2658	1
G71	G2662	1
G109	G2662	1
G121	G2662	1
G296	G2662	1
G223	G2665	1
G319	G2665	1
G324	G2665	1
G68	G2667	1
G212	G2667	1
G222	G2667	1
G112	G2668	1
G176	G2675	1
G117	G2680	1
G50	G2681	1
G61	G2681	1
G76	G2681	1
G171	G2681	1
G211	G2681	1
G258	G2681	1
G292	G2681	1
G298	G2681	1
G22	G2686	1
G298	G2686	1
G136	G2688	1
G212	G2688	1
G224	G2688	1
G301	G2688	1
G138	G2690	1
G316	G2690	1
G104	G2691	1
G126	G2694	1
G61	G2696	1
G222	G2696	1
G76	G2697	1
G87	G2699	1
G219	G2699	1
G104	G2702	1
G138	G2705	1
G224	G2706	1
G329	G2706	1
G41	G2707	1
G104	G2709	1
G76	G2712	1
G319	G2713	1
G111	G2715	1
G61	G2718	1
G101	G2725	1
G112	G2732	1
G152	G2732	1
G41	G2733	1
G45	G2733	1
G227	G2733	1
G222	G2736	1
G47	G2738	1
G68	G2738	1
G76	G2738	1
G223	G2738	1
G94	G2745	1
G138	G2745	1
G41	G2747	1
G160	G2747	1
G126	G2751	1
G11	G2753	1
G68	G2753	1
G111	G2753	1
G171	G2753	1
G212	G2753	1
G273	G2753	1
G11	G2757	1
G97	G2758	1
G223	G2759	1
G1	G2763	1
G121	G2763	1
G138	G2764	1
G61	G2765	1
G222	G2765	1
G1	G2767	1
G117	G2767	1
G41	G2768	1
G298	G2768	1
G139	G2770	1
G110	G2774	1
G137	G2774	1
G224	G2774	1
G45	G2786	1
G71	G2788	1
G87	G2788	1
G111	G2788	1
G62	G2789	1
G95	G2789	1
G136	G2789	1
G224	G2789	1
G289	G2789	1
G104	G2795	1
G152	G2795	1
G94	G2796	1
G41	G2801	1
G22	G2803	1
G15	G2805	1
G138	G2807	1
G212	G2810	1
G41	G2817	1
G212	G2817	1
G222	G2817	1
G41	G2826	1
G138	G2828	1
G160	G2830	1
G224	G2833	1
G138	G2836	1
G138	G2837	1
G11	G2838	1
G196	G2838	1
G104	G2843	1
G152	G2843	1
G34	G2846	1
G71	G2846	1
G121	G2846	1
G143	G2846	1
G274	G2846	1
G22	G2855	1
G87	G2855	1
G101	G2855	1
G65	G2857	1
G68	G2857	1
G171	G2857	1
G76	G2859	1
G41	G2863	1
G298	G2863	1
G41	G2871	1
G76	G2872	1
G112	G2874	1
G152	G2874	1
G256	G2875	1
G47	G2877	1
G223	G2877	1
G41	G2878	1
G19	G2879	1
G41	G2881	1
G202	G2881	1
G212	G2881	1
G224	G2882	1
G19	G2885	1
G15	G2886	1
G273	G2886	1
G34	G2889	1
G274	G2889	1
G14	G2890	1
G94	G2890	1
G273	G2890	1
G327	G2893	1
G101	G2896	1
G273	G2896	1
G41	G2899	1
G160	G2902	1
G319	G2902	1
G41	G2905	1
G298	G2905	1
G76	G2907	1
G172	G2907	1
G205	G2909	1
G41	G2912	1
G124	G2913	1
G15	G2922	1
G45	G2922	1
G76	G2922	1
G87	G2922	1
G101	G2922	1
G111	G2922	1
G136	G2922	1
G172	G2922	1
G233	G2922	1
G254	G2922	1
G1	G2927	1
G87	G2927	1
G98	G2927	1
G104	G2927	1
G222	G2927	1
G41	G2929	1
G76	G2930	1
G15	G2932	1
G160	G2932	1
G319	G2932	1
G58	G2934	1
G147	G2934	1
G217	G2934	1
G41	G2938	1
G211	G2938	1
G160	G2942	1
G62	G2946	1
G289	G2946	1
G316	G2946	1
G138	G2947	1
G327	G2950	1
G97	G2952	1
G138	G2953	1
G61	G2955	1
G104	G2963	1
G231	G2970	1
G138	G2971	1
G214	G2972	1
G211	G2973	1
G60	G2976	1
G102	G2976	1
G223	G2976	1
G319	G2976	1
G68	G2977	1
G76	G2977	1
G223	G2977	1
G324	G2977	1
G1	G2979	1
G138	G2982	1
G160	G2982	1
G61	G2984	1
G224	G2989	1
G19	G2991	1
G223	G2996	1
G319	G2996	1
G324	G2996	1
G22	G2999	1
G41	G2999	1
G104	G2999	1
G121	G2999	1
G152	G2999	1
G227	G2999	1
G258	G2999	1
G87	G3000	1
G301	G3004	1
G199	G3005	1
G110	G3007	1
G224	G3007	1
G223	G3008	1
G111	G3009	1
G136	G3009	1
G223	G3009	1
G211	G3016	1
G158	G3020	1
G109	G3027	1
G160	G3029	1
G138	G3030	1
G111	G3033	1
G76	G3035	1
G199	G3037	1
G224	G3037	1
G136	G3038	1
G41	G3048	1
G222	G3052	1
G298	G3055	1
G41	G3058	1
G160	G3058	1
G301	G3058	1
G112	G3060	1
G152	G3060	1
G160	G3061	1
G212	G3066	1
G101	G3069	1
G214	G3069	1
G138	G3070	1
G41	G3075	1
G112	G3077	1
G222	G3077	1
G104	G3080	1
G112	G3080	1
G152	G3080	1
G95	G3088	1
G138	G3091	1
G329	G3094	1
G41	G3099	1
G87	G3101	1
G160	G3101	1
G298	G3106	1
G301	G3109	1
G76	G3111	1
G138	G3111	1
G219	G3113	1
G138	G3119	1
G76	G3120	1
G87	G3120	1
G95	G3120	1
G97	G3120	1
G110	G3120	1
G137	G3120	1
G199	G3120	1
G34	G3121	1
G109	G3121	1
G138	G3121	1
G274	G3121	1
G222	G3126	1
G222	G3128	1
G22	G3131	1
G111	G3132	1
G71	G3133	1
G87	G3133	1
G121	G3133	1
G168	G3133	1
G76	G3139	1
G104	G3141	1
G112	G3141	1
G152	G3141	1
G154	G3141	1
G62	G3142	1
G158	G3142	1
G219	G3142	1
G289	G3142	1
G316	G3142	1
G94	G3144	1
G22	G3151	1
G224	G3151	1
G138	G3155	1
G19	G3159	1
G61	G3159	1
G143	G3159	1
G217	G3159	1
G22	G3161	1
G14	G3169	1
G76	G3169	1
G110	G3169	1
G138	G3169	1
G212	G3169	1
G233	G3169	1
G76	G3171	1
G224	G3174	1
G22	G3175	1
G101	G3175	1
G110	G3175	1
G212	G3176	1
G223	G3180	1
G319	G3180	1
G11	G3183	1
G87	G3183	1
G110	G3183	1
G211	G3183	1
G224	G3183	1
G233	G3183	1
G71	G3187	1
G121	G3187	1
G143	G3187	1
G22	G3190	1
G101	G3190	1
G104	G3190	1
G112	G3190	1
G152	G3190	1
G219	G3190	1
G15	G3192	1
G87	G3193	1
G158	G3193	1
G316	G3193	1
G224	G3196	1
G138	G3203	1
G298	G3203	1
G245	G3205	1
G111	G3208	1
G112	G3209	1
G22	G3213	1
G61	G3213	1
G143	G3213	1
G144	G3213	1
G222	G3213	1
G258	G3213	1
G300	G3213	1
G104	G3214	1
G104	G3215	1
G152	G3215	1
G34	G3220	1
G61	G3222	1
G276	G3222	1
G1	G3223	1
G68	G3223	1
G98	G3223	1
G139	G3223	1
G219	G3230	1
G138	G3232	1
G122	G3234	1
G205	G3234	1
G224	G3234	1
G298	G3238	1
G154	G3240	1
G258	G3245	1
G273	G3245	1
G160	G3246	1
G224	G3246	1
G223	G3247	1
G319	G3247	1
G41	G3248	1
G76	G3248	1
G122	G3248	1
G205	G3248	1
G288	G3248	1
G298	G3248	1
G138	G3249	1
G98	G3251	1
G223	G3258	1
G319	G3258	1
G1	G3259	1
G71	G3259	1
G76	G3260	1
G109	G3261	1
G279	G3262	1
G101	G3263	1
G152	G3263	1
G171	G3263	1
G41	G3268	1
G117	G3270	1
G247	G3270	1
G303	G3270	1
G1	G3272	1
G71	G3272	1
G112	G3272	1
G152	G3272	1
G154	G3272	1
G138	G3277	1
G41	G3280	1
G117	G3282	1
G41	G3284	1
G62	G3288	1
G110	G3288	1
G136	G3288	1
G212	G3288	1
G301	G3290	1
G138	G3294	1
G11	G3300	1
G196	G3300	1
G45	G3306	1
G138	G3307	1
G256	G3307	1
G104	G3309	1
G152	G3309	1
G327	G3309	1
G138	G3312	1
G160	G3312	1
G298	G3315	1
G76	G3316	1
G111	G3323	1
G136	G3324	1
G1	G3326	1
G76	G3326	1
G98	G3326	1
G104	G3326	1
G112	G3326	1
G152	G3326	1
G172	G3326	1
G117	G3334	1
G1	G3339	1
G22	G3339	1
G47	G3339	1
G95	G3339	1
G98	G3339	1
G112	G3339	1
G139	G3339	1
G143	G3339	1
G152	G3339	1
G154	G3339	1
G171	G3339	1
G172	G3339	1
G219	G3339	1
G276	G3339	1
G127	G3347	1
G224	G3347	1
G94	G3349	1
G76	G3357	1
G138	G3358	1
G41	G3361	1
G104	G3363	1
G152	G3363	1
G214	G3363	1
G279	G3366	1
G102	G3368	1
G127	G3368	1
G212	G3368	1
G273	G3368	1
G302	G3368	1
G104	G3372	1
G289	G3373	1
G104	G3376	1
G87	G3383	1
G112	G3383	1
G101	G3390	1
G219	G3390	1
G41	G3391	1
G124	G3393	1
G301	G3393	1
G1	G3394	1
G98	G3394	1
G172	G3394	1
G219	G3396	1
G121	G3398	1
G143	G3398	1
G138	G3400	1
G147	G3402	1
G199	G3402	1
G224	G3402	1
G211	G3405	1
G333	G3405	1
G117	G3407	1
G160	G3410	1
G333	G3411	1
G117	G3413	1
G247	G3413	1
G94	G3414	1
G94	G3420	1
G138	G3421	1
G219	G3421	1
G138	G3422	1
G138	G3424	1
G160	G3425	1
G109	G3427	1
G298	G3429	1
G104	G3434	1
G97	G3436	1
G97	G3437	1
G95	G3439	1
G22	G3440	1
G68	G3440	1
G87	G3440	1
G117	G3440	1
G171	G3440	1
G211	G3440	1
G111	G3448	1
G34	G3449	1
G117	G3449	1
G219	G3449	1
G274	G3449	1
G303	G3449	1
G121	G3452	1
G41	G3453	1
G302	G3459	1
G41	G3461	1
G1	G3469	1
G98	G3469	1
G104	G3469	1
G112	G3469	1
G139	G3469	1
G152	G3469	1
G222	G3469	1
G227	G3469	1
G126	G3472	1
G1	G3475	1
G87	G3475	1
G101	G3475	1
G235	G3475	1
G254	G3475	1
G138	G3479	1
G41	G3480	1
G202	G3480	1
G279	G3480	1
G224	G3481	1
G76	G3482	1
G147	G3482	1
G212	G3482	1
G62	G3483	1
G289	G3483	1
G316	G3483	1
G71	G3486	1
G121	G3486	1
G143	G3486	1
G11	G3487	1
G87	G3487	1
G110	G3487	1
G211	G3487	1
G224	G3487	1
G233	G3487	1
G71	G3488	1
G109	G3488	1
G327	G3488	1
G301	G3491	1
G138	G3492	1
G224	G3501	1
G1	G3504	1
G98	G3504	1
G71	G3507	1
G224	G3509	1
G22	G3512	1
G41	G3512	1
G104	G3512	1
G121	G3512	1
G152	G3512	1
G227	G3512	1
G258	G3512	1
G71	G3514	1
G104	G3514	1
G109	G3514	1
G112	G3514	1
G152	G3514	1
G111	G3516	1
G258	G3518	1
G109	G3526	1
G41	G3529	1
G302	G3536	1
G138	G3538	1
G65	G3545	1
G76	G3551	1
G41	G3554	1
G76	G3555	1
G298	G3556	1
G110	G3557	1
G224	G3566	1
G71	G3575	1
G143	G3575	1
G41	G3579	1
G319	G3581	1
G196	G3587	1
G15	G3588	1
G45	G3588	1
G61	G3588	1
G87	G3588	1
G95	G3588	1
G104	G3588	1
G112	G3588	1
G139	G3588	1
G143	G3588	1
G152	G3588	1
G154	G3588	1
G171	G3588	1
G227	G3588	1
G276	G3588	1
G143	G3591	1
G41	G3592	1
G224	G3592	1
G22	G3595	1
G110	G3595	1
G221	G3595	1
G224	G3595	1
G15	G3600	1
G45	G3600	1
G87	G3600	1
G101	G3600	1
G171	G3600	1
G76	G3602	1
G138	G3602	1
G1	G3606	1
G11	G3606	1
G98	G3606	1
G143	G3608	1
G41	G3611	1
G117	G3612	1
G110	G3614	1
G122	G3614	1
G205	G3614	1
G224	G3614	1
G41	G3617	1
G68	G3619	1
G222	G3619	1
G1	G3621	1
G14	G3621	1
G50	G3621	1
G258	G3621	1
G292	G3621	1
G327	G3621	1
G87	G3622	1
G111	G3622	1
G117	G3622	1
G247	G3622	1
G303	G3622	1
G1	G3625	1
G98	G3625	1
G172	G3625	1
G62	G3627	1
G221	G3627	1
G102	G3628	1
G50	G3633	1
G76	G3633	1
G224	G3633	1
G41	G3637	1
G109	G3639	1
G121	G3640	1
G143	G3640	1
G61	G3644	1
G86	G3647	1
G110	G3651	1
G224	G3651	1
G138	G3655	1
G76	G3656	1
G104	G3656	1
G97	G3660	1
G41	G3661	1
G76	G3661	1
G289	G3661	1
G71	G3666	1
G50	G3669	1
G76	G3669	1
G327	G3674	1
G41	G3675	1
G41	G3677	1
G221	G3679	1
G223	G3679	1
G68	G3683	1
G94	G3683	1
G171	G3683	1
G224	G3687	1
G11	G3689	1
G211	G3701	1
G87	G3711	1
G138	G3712	1
G29	G3713	1
G41	G3713	1
G139	G3713	1
G41	G3714	1
G1	G3716	1
G98	G3716	1
G41	G3719	1
G329	G3719	1
G22	G3723	1
G87	G3723	1
G112	G3723	1
G139	G3723	1
G152	G3723	1
G221	G3723	1
G87	G3732	1
G171	G3732	1
G212	G3732	1
G160	G3735	1
G71	G3739	1
G109	G3739	1
G327	G3739	1
G65	G3741	1
G138	G3741	1
G279	G3741	1
G41	G3746	1
G138	G3751	1
G289	G3754	1
G296	G3759	1
G139	G3760	1
G138	G3763	1
G34	G3764	1
G274	G3764	1
G41	G3768	1
G22	G3769	1
G224	G3770	1
G301	G3771	1
G41	G3772	1
G41	G3774	1
G319	G3777	1
G41	G3779	1
G117	G3785	1
G219	G3785	1
G219	G3788	1
G62	G3792	1
G158	G3792	1
G47	G3793	1
G68	G3793	1
G171	G3793	1
G41	G3794	1
G160	G3794	1
G223	G3795	1
G319	G3795	1
G45	G3796	1
G117	G3803	1
G136	G3803	1
G224	G3803	1
G50	G3807	1
G76	G3807	1
G147	G3807	1
G258	G3807	1
G111	G3809	1
G212	G3812	1
G19	G3814	1
G223	G3814	1
G319	G3814	1
G71	G3815	1
G1	G3821	1
G157	G3821	1
G45	G3823	1
G101	G3823	1
G110	G3823	1
G34	G3826	1
G223	G3826	1
G319	G3826	1
G324	G3826	1
G138	G3827	1
G298	G3827	1
G117	G3828	1
G1	G3831	1
G11	G3834	1
G176	G3834	1
G41	G3837	1
G276	G3838	1
G45	G3839	1
G138	G3840	1
G223	G3843	1
G158	G3848	1
G291	G3851	1
G147	G3856	1
G199	G3856	1
G224	G3856	1
G41	G3857	1
G1	G3862	1
G138	G3864	1
G319	G3865	1
G324	G3865	1
G171	G3866	1
G274	G3866	1
G224	G3871	1
G302	G3871	1
G212	G3872	1
G138	G3873	1
G224	G3874	1
G327	G3880	1
G138	G3881	1
G76	G3882	1
G41	G3883	1
G219	G3886	1
G95	G3892	1
G97	G3892	1
G136	G3892	1
G212	G3893	1
G138	G3897	1
G95	G3902	1
G258	G3902	1
G160	G3908	1
G95	G3910	1
G224	G3910	1
G160	G3912	1
G95	G3914	1
G126	G3914	1
G199	G3914	1
G11	G3918	1
G76	G3918	1
G87	G3918	1
G101	G3918	1
G211	G3918	1
G219	G3918	1
G138	G3923	1
G62	G3924	1
G95	G3924	1
G136	G3924	1
G224	G3924	1
G316	G3924	1
G111	G3928	1
G14	G3935	1
G15	G3935	1
G22	G3935	1
G45	G3935	1
G87	G3935	1
G101	G3935	1
G111	G3935	1
G273	G3935	1
G86	G3936	1
G76	G3937	1
G136	G3938	1
G212	G3938	1
G224	G3938	1
G223	G3942	1
G319	G3942	1
G138	G3943	1
G212	G3944	1
G256	G3944	1
G15	G3945	1
G112	G3945	1
G68	G3955	1
G94	G3955	1
G171	G3955	1
G1	G3956	1
G71	G3956	1
G98	G3956	1
G112	G3956	1
G121	G3956	1
G152	G3956	1
G172	G3956	1
G212	G3956	1
G15	G3960	1
G112	G3960	1
G104	G3964	1
G112	G3964	1
G152	G3964	1
G250	G3964	1
G1	G3965	1
G14	G3966	1
G68	G3966	1
G87	G3966	1
G111	G3966	1
G273	G3966	1
G112	G3967	1
G223	G3967	1
G258	G3967	1
G292	G3967	1
G50	G3974	1
G76	G3974	1
G62	G3975	1
G70	G3975	1
G15	G3977	1
G111	G3977	1
G138	G3981	1
G126	G3982	1
G224	G3983	1
G76	G3984	1
G61	G3987	1
G71	G3987	1
G138	G3987	1
G143	G3987	1
G168	G3987	1
G126	G3988	1
G50	G3989	1
G76	G3989	1
G86	G3992	1
G109	G3992	1
G136	G3992	1
G160	G3994	1
G212	G3996	1
G15	G3997	1
G117	G3997	1
G219	G3997	1
G302	G4002	1
G87	G4010	1
G224	G4012	1
G298	G4015	1
G138	G4017	1
G154	G4019	1
G227	G4019	1
G76	G4022	1
G11	G4023	1
G298	G4025	1
G176	G4028	1
G224	G4028	1
G11	G4029	1
G211	G4029	1
G219	G4029	1
G11	G4033	1
G211	G4033	1
G76	G4034	1
G224	G4034	1
G110	G4036	1
G138	G4036	1
G224	G4036	1
G319	G4041	1
G87	G4043	1
G1	G4049	1
G98	G4049	1
G112	G4049	1
G152	G4049	1
G172	G4049	1
G76	G4051	1
G109	G4051	1
G298	G4051	1
G68	G4055	1
G76	G4055	1
G223	G4055	1
G324	G4055	1
G1	G4059	1
G104	G4059	1
G112	G4059	1
G152	G4059	1
G154	G4059	1
G172	G4059	1
G138	G4060	1
G41	G4064	1
G41	G4065	1
G138	G4065	1
G301	G4066	1
G298	G4072	1
G41	G4077	1
G138	G4077	1
G14	G4080	1
G76	G4080	1
G110	G4080	1
G138	G4080	1
G212	G4080	1
G233	G4080	1
G76	G4086	1
G121	G4086	1
G143	G4086	1
G223	G4088	1
G319	G4088	1
G50	G4092	1
G76	G4092	1
G211	G4094	1
G171	G4097	1
G298	G4097	1
G274	G4101	1
G117	G4103	1
G217	G4111	1
G160	G4115	1
G298	G4123	1
G68	G4127	1
G222	G4127	1
G112	G4134	1
G97	G4140	1
G68	G4141	1
G94	G4141	1
G223	G4150	1
G319	G4150	1
G324	G4150	1
G41	G4152	1
G138	G4155	1
G22	G4160	1
G301	G4162	1
G138	G4163	1
G316	G4163	1
G1	G4164	1
G71	G4164	1
G76	G4164	1
G98	G4164	1
G109	G4164	1
G138	G4164	1
G50	G4168	1
G76	G4168	1
G147	G4168	1
G295	G4168	1
G1	G4170	1
G98	G4170	1
G86	G4172	1
G109	G4172	1
G136	G4172	1
G15	G4176	1
G45	G4176	1
G61	G4176	1
G87	G4176	1
G95	G4176	1
G104	G4176	1
G112	G4176	1
G139	G4176	1
G143	G4176	1
G152	G4176	1
G154	G4176	1
G171	G4176	1
G227	G4176	1
G276	G4176	1
G222	G4180	1
G111	G4183	1
G276	G4183	1
G14	G4186	1
G258	G4190	1
G302	G4192	1
G138	G4194	1
G11	G4196	1
G211	G4196	1
G71	G4197	1
G333	G4199	1
G76	G4205	1
G217	G4205	1
G222	G4205	1
G157	G4207	1
G138	G4208	1
G41	G4209	1
G138	G4209	1
G11	G4214	1
G61	G4214	1
G68	G4214	1
G143	G4214	1
G211	G4214	1
G212	G4214	1
G255	G4214	1
G288	G4214	1
G138	G4217	1
G50	G4221	1
G223	G4224	1
G319	G4224	1
G121	G4226	1
G143	G4226	1
G1	G4231	1
G98	G4231	1
G15	G4233	1
G117	G4233	1
G219	G4233	1
G138	G4236	1
G160	G4236	1
G15	G4237	1
G45	G4237	1
G95	G4237	1
G101	G4237	1
G111	G4237	1
G212	G4237	1
G273	G4237	1
G41	G4238	1
G41	G4243	1
G298	G4243	1
G138	G4248	1
G221	G4248	1
G222	G4248	1
G298	G4248	1
G41	G4258	1
G14	G4260	1
G97	G4260	1
G171	G4260	1
G41	G4261	1
G138	G4261	1
G143	G4265	1
G41	G4266	1
G76	G4268	1
G41	G4269	1
G217	G4279	1
G102	G4281	1
G127	G4281	1
G212	G4281	1
G273	G4281	1
G302	G4281	1
G15	G4282	1
G160	G4282	1
G223	G4282	1
G258	G4284	1
G41	G4286	1
G41	G4289	1
G87	G4292	1
G222	G4292	1
G11	G4296	1
G22	G4296	1
G101	G4296	1
G112	G4296	1
G176	G4296	1
G211	G4296	1
G41	G4297	1
G87	G4298	1
G61	G4299	1
G68	G4299	1
G152	G4299	1
G171	G4299	1
G76	G4302	1
G121	G4302	1
G143	G4302	1
G223	G4303	1
G319	G4303	1
G1	G4318	1
G61	G4318	1
G98	G4318	1
G112	G4318	1
G152	G4318	1
G172	G4318	1
G222	G4318	1
G41	G4321	1
G65	G4321	1
G138	G4321	1
G220	G4322	1
G104	G4323	1
G172	G4323	1
G14	G4324	1
G235	G4324	1
G109	G4325	1
G62	G4327	1
G221	G4327	1
G258	G4331	1
G76	G4333	1
G147	G4333	1
G199	G4333	1
G295	G4333	1
G301	G4333	1
G41	G4336	1
G117	G4341	1
G303	G4341	1
G319	G4341	1
G15	G4344	1
G45	G4344	1
G62	G4346	1
G158	G4346	1
G136	G4349	1
G109	G4351	1
G121	G4354	1
G224	G4356	1
G224	G4360	1
G176	G4364	1
G62	G4375	1
G76	G4375	1
G98	G4375	1
G111	G4375	1
G117	G4375	1
G136	G4375	1
G247	G4375	1
G273	G4375	1
G303	G4375	1
G316	G4375	1
G258	G4378	1
G22	G4379	1
G22	G4381	1
G121	G4381	1
G224	G4385	1
G68	G4386	1
G94	G4386	1
G171	G4386	1
G223	G4387	1
G319	G4387	1
G1	G4389	1
G227	G4389	1
G138	G4392	1
G71	G4394	1
G41	G4398	1
G68	G4400	1
G111	G4400	1
G171	G4400	1
G212	G4400	1
G258	G4400	1
G292	G4400	1
G11	G4403	1
G22	G4403	1
G101	G4403	1
G112	G4403	1
G176	G4403	1
G211	G4403	1
G298	G4411	1
G41	G4423	1
G1	G4425	1
G41	G4425	1
G98	G4425	1
G172	G4425	1
G138	G4427	1
G62	G4428	1
G15	G4437	1
G45	G4437	1
G94	G4442	1
G233	G4442	1
G298	G4442	1
G138	G4443	1
G138	G4446	1
G205	G4449	1
G76	G4451	1
G158	G4451	1
G160	G4451	1
G98	G4454	1
G223	G4455	1
G319	G4455	1
G111	G4456	1
G223	G4456	1
G111	G4457	1
G223	G4457	1
G223	G4460	1
G300	G4461	1
G333	G4462	1
G71	G4463	1
G138	G4463	1
G41	G4464	1
G22	G4467	1
G279	G4468	1
G138	G4471	1
G147	G4472	1
G168	G4472	1
G199	G4472	1
G295	G4472	1
G104	G4473	1
G160	G4473	1
G138	G4476	1
G319	G4479	1
G76	G4480	1
G109	G4480	1
G298	G4480	1
G102	G4481	1
G117	G4481	1
G319	G4485	1
G302	G4487	1
G316	G4491	1
G86	G4492	1
G138	G4492	1
G104	G4493	1
G117	G4502	1
G138	G4502	1
G138	G4513	1
G41	G4517	1
G138	G4517	1
G87	G4523	1
G101	G4524	1
G219	G4524	1
G138	G4529	1
G68	G4530	1
G171	G4530	1
G62	G4534	1
G95	G4534	1
G136	G4534	1
G224	G4534	1
G316	G4534	1
G41	G4537	1
G97	G4537	1
G117	G4537	1
G41	G4544	1
G124	G4552	1
G301	G4552	1
G223	G4554	1
G41	G4562	1
G71	G4563	1
G109	G4563	1
G97	G4568	1
G41	G4575	1
G97	G4578	1
G87	G4580	1
G219	G4580	1
G1	G4582	1
G98	G4582	1
G68	G4583	1
G94	G4583	1
G171	G4583	1
G222	G4584	1
G138	G4588	1
G94	G4592	1
G22	G4593	1
G50	G4595	1
G76	G4595	1
G319	G4597	1
G41	G4601	1
G139	G4606	1
G110	G4607	1
G224	G4607	1
G45	G4612	1
G219	G4612	1
G1	G4625	1
G98	G4625	1
G41	G4630	1
G124	G4632	1
G223	G4633	1
G319	G4633	1
G50	G4634	1
G76	G4634	1
G158	G4634	1
G289	G4634	1
G250	G4635	1
G41	G4636	1
G22	G4641	1
G110	G4641	1
G111	G4641	1
G160	G4641	1
G258	G4641	1
G302	G4641	1
G1	G4644	1
G76	G4644	1
G222	G4645	1
G97	G4647	1
G117	G4651	1
G68	G4654	1
G171	G4654	1
G14	G4657	1
G15	G4657	1
G22	G4657	1
G45	G4657	1
G47	G4657	1
G101	G4657	1
G152	G4657	1
G158	G4657	1
G273	G4657	1
G94	G4658	1
G1	G4660	1
G87	G4660	1
G98	G4660	1
G112	G4660	1
G152	G4660	1
G172	G4660	1
G15	G4662	1
G112	G4662	1
G104	G4668	1
G160	G4668	1
G222	G4670	1
G34	G4679	1
G87	G4679	1
G137	G4679	1
G214	G4679	1
G41	G4682	1
G97	G4685	1
G104	G4686	1
G152	G4686	1
G50	G4688	1
G41	G4691	1
G171	G4691	1
G219	G4691	1
G95	G4708	1
G11	G4711	1
G34	G4711	1
G47	G4711	1
G143	G4711	1
G211	G4711	1
G219	G4711	1
G274	G4711	1
G160	G4712	1
G298	G4712	1
G14	G4715	1
G47	G4715	1
G61	G4715	1
G87	G4715	1
G111	G4715	1
G136	G4715	1
G143	G4715	1
G160	G4716	1
G97	G4722	1
G138	G4722	1
G176	G4723	1
G319	G4723	1
G324	G4723	1
G71	G4726	1
G231	G4726	1
G288	G4727	1
G41	G4732	1
G301	G4732	1
G136	G4736	1
G319	G4736	1
G1	G4738	1
G71	G4738	1
G76	G4738	1
G98	G4738	1
G109	G4738	1
G138	G4738	1
G41	G4742	1
G41	G4743	1
G329	G4743	1
G11	G4745	1
G211	G4745	1
G1	G4746	1
G41	G4746	1
G95	G4746	1
G98	G4746	1
G76	G4749	1
G135	G4749	1
G160	G4749	1
G221	G4749	1
G41	G4751	1
G97	G4751	1
G117	G4751	1
G62	G4754	1
G110	G4754	1
G136	G4754	1
G212	G4754	1
G87	G4758	1
G1	G4764	1
G98	G4764	1
G160	G4765	1
G245	G4765	1
G95	G4768	1
G224	G4768	1
G327	G4771	1
G117	G4776	1
G138	G4776	1
G256	G4777	1
G224	G4783	1
G11	G4796	1
G111	G4796	1
G117	G4796	1
G124	G4796	1
G211	G4796	1
G273	G4796	1
G138	G4802	1
G212	G4803	1
G76	G4806	1
G71	G4821	1
G104	G4821	1
G112	G4821	1
G152	G4821	1
G154	G4821	1
G98	G4822	1
G104	G4822	1
G112	G4822	1
G121	G4822	1
G152	G4822	1
G154	G4822	1
G172	G4822	1
G227	G4822	1
G223	G4824	1
G319	G4824	1
G102	G4826	1
G214	G4828	1
G94	G4834	1
G171	G4834	1
G1	G4835	1
G98	G4835	1
G319	G4837	1
G176	G4840	1
G319	G4840	1
G324	G4840	1
G138	G4848	1
G160	G4848	1
G95	G4851	1
G258	G4851	1
G258	G4858	1
G138	G4859	1
G154	G4867	1
G231	G4869	1
G138	G4870	1
G15	G4871	1
G219	G4871	1
G138	G4872	1
G97	G4874	1
G138	G4876	1
G76	G4879	1
G274	G4879	1
G41	G4881	1
G222	G4881	1
G111	G4883	1
G158	G4884	1
G327	G4886	1
G41	G4893	1
G224	G4893	1
G301	G4893	1
G41	G4894	1
G298	G4894	1
G87	G4896	1
G41	G4899	1
G121	G4900	1
G138	G4904	1
G15	G4907	1
G109	G4907	1
G112	G4907	1
G138	G4912	1
G76	G4914	1
G87	G4914	1
G50	G4924	1
G319	G4930	1
G86	G4931	1
G34	G4937	1
G211	G4937	1
G41	G4942	1
G319	G4946	1
G258	G4948	1
G319	G4950	1
G121	G4956	1
G273	G4956	1
G41	G4959	1
G98	G4959	1
G1	G4962	1
G98	G4962	1
G104	G4962	1
G112	G4962	1
G121	G4962	1
G152	G4962	1
G1	G4969	1
G41	G4969	1
G71	G4969	1
G98	G4969	1
G109	G4969	1
G112	G4969	1
G121	G4969	1
G143	G4969	1
G168	G4969	1
G211	G4969	1
G160	G4972	1
G95	G4975	1
G137	G4975	1
G219	G4979	1
G50	G4981	1
G112	G4983	1
G222	G4983	1
G68	G4984	1
G301	G4985	1
G138	G4986	1
G104	G4987	1
G152	G4987	1
G1	G4997	1
G15	G4997	1
G45	G4997	1
G87	G4997	1
G101	G4997	1
G111	G4997	1
G273	G4997	1
G319	G4997	1
G171	G5002	1
G62	G5004	1
G76	G5004	1
G98	G5004	1
G111	G5004	1
G117	G5004	1
G136	G5004	1
G247	G5004	1
G273	G5004	1
G303	G5004	1
G316	G5004	1
G104	G5010	1
G121	G5010	1
G143	G5010	1
G152	G5010	1
G199	G5011	1
G50	G5013	1
G76	G5013	1
G68	G5014	1
G121	G5014	1
G171	G5014	1
G222	G5014	1
G223	G5015	1
G319	G5015	1
G171	G5019	1
G41	G5020	1
G50	G5020	1
G76	G5020	1
G41	G5021	1
G224	G5021	1
G301	G5021	1
G85	G5030	1
G152	G5032	1
G160	G5032	1
G11	G5045	1
G22	G5045	1
G219	G5045	1
G1	G5049	1
G98	G5049	1
G112	G5049	1
G172	G5049	1
G222	G5050	1
G138	G5053	1
G41	G5061	1
G121	G5062	1
G41	G5063	1
G41	G5065	1
G94	G5066	1
G87	G5067	1
G68	G5068	1
G68	G5073	1
G212	G5073	1
G222	G5073	1
G258	G5078	1
G95	G5082	1
G147	G5084	1
G295	G5084	1
G302	G5084	1
G109	G5090	1
G329	G5092	1
G160	G5093	1
G223	G5093	1
G1	G5097	1
G14	G5097	1
G15	G5097	1
G22	G5097	1
G61	G5097	1
G71	G5097	1
G87	G5097	1
G139	G5097	1
G222	G5097	1
G138	G5099	1
G158	G5104	1
G76	G5106	1
G147	G5106	1
G199	G5106	1
G295	G5106	1
G301	G5106	1
G211	G5107	1
G1	G5108	1
G71	G5108	1
G214	G5110	1
G276	G5110	1
G138	G5114	1
G224	G5114	1
G158	G5115	1
G219	G5115	1
G15	G5120	1
G219	G5120	1
G111	G5123	1
G1	G5124	1
G41	G5124	1
G137	G5124	1
G298	G5125	1
G138	G5130	1
G41	G5131	1
G171	G5133	1
G224	G5137	1
G138	G5141	1
G138	G5144	1
G138	G5147	1
G15	G5151	1
G160	G5151	1
G319	G5151	1
G211	G5156	1
G224	G5160	1
G111	G5165	1
G112	G5165	1
G152	G5165	1
G41	G5166	1
G41	G5167	1
G138	G5168	1
G196	G5178	1
G76	G5185	1
G147	G5185	1
G199	G5185	1
G295	G5185	1
G257	G5188	1
G327	G5188	1
G85	G5189	1
G22	G5190	1
G14	G5195	1
G47	G5195	1
G61	G5195	1
G87	G5195	1
G111	G5195	1
G136	G5195	1
G143	G5195	1
G61	G5200	1
G222	G5200	1
G126	G5211	1
G222	G5211	1
G104	G5213	1
G152	G5213	1
G327	G5213	1
G87	G5221	1
G112	G5222	1
G152	G5222	1
G171	G5222	1
G219	G5222	1
G227	G5222	1
G76	G5225	1
G158	G5225	1
G160	G5225	1
G176	G5232	1
G61	G5234	1
G71	G5234	1
G138	G5234	1
G143	G5234	1
G168	G5234	1
G76	G5235	1
G117	G5235	1
G143	G5235	1
G247	G5235	1
G303	G5235	1
G41	G5238	1
G109	G5238	1
G76	G5240	1
G301	G5243	1
G41	G5251	1
G302	G5252	1
G110	G5253	1
G158	G5253	1
G224	G5253	1
G41	G5255	1
G224	G5256	1
G41	G5259	1
G11	G5261	1
G117	G5261	1
G138	G5261	1
G298	G5262	1
G85	G5269	1
G87	G5269	1
G288	G5269	1
G302	G5269	1
G319	G5270	1
G139	G5275	1
G258	G5275	1
G273	G5275	1
G61	G5276	1
G71	G5276	1
G76	G5276	1
G109	G5276	1
G319	G5278	1
G136	G5279	1
G160	G5279	1
G111	G5282	1
G139	G5282	1
G258	G5282	1
G273	G5282	1
G292	G5282	1
G300	G5282	1
G22	G5284	1
G87	G5284	1
G101	G5284	1
G214	G5287	1
G117	G5291	1
G303	G5291	1
G111	G5292	1
G104	G5293	1
G71	G5295	1
G112	G5296	1
G160	G5297	1
G11	G5298	1
G117	G5298	1
G138	G5298	1
G223	G5299	1
G319	G5299	1
G324	G5299	1
G222	G5305	1
G97	G5314	1
G223	G5314	1
G212	G5330	1
G41	G5333	1
G76	G5333	1
G121	G5333	1
G296	G5333	1
G97	G5334	1
G121	G5335	1
G68	G5339	1
G95	G5344	1
G224	G5344	1
G298	G5345	1
G117	G5346	1
G138	G5347	1
G76	G5350	1
G76	G5352	1
G138	G5352	1
G87	G5353	1
G117	G5353	1
G158	G5353	1
G160	G5353	1
G219	G5357	1
G34	G5358	1
G274	G5358	1
G76	G5359	1
G319	G5363	1
G329	G5366	1
G138	G5369	1
G15	G5371	1
G41	G5371	1
G45	G5371	1
G87	G5371	1
G101	G5371	1
G25	G5375	1
G117	G5377	1
G247	G5377	1
G303	G5377	1
G98	G5381	1
G224	G5382	1
G104	G5383	1
G112	G5383	1
G152	G5383	1
G211	G5383	1
G126	G5384	1
G87	G5391	1
G223	G5391	1
G319	G5391	1
G11	G5394	1
G104	G5394	1
G112	G5394	1
G117	G5394	1
G211	G5394	1
G212	G5394	1
G224	G5394	1
G247	G5394	1
G136	G5401	1
G97	G5402	1
G104	G5407	1
G15	G5408	1
G224	G5408	1
G109	G5418	1
G160	G5419	1
G117	G5428	1
G71	G5431	1
G95	G5431	1
G143	G5431	1
G171	G5431	1
G1	G5432	1
G121	G5432	1
G298	G5435	1
G50	G5438	1
G76	G5438	1
G104	G5440	1
G205	G5447	1
G138	G5448	1
G233	G5457	1
G104	G5460	1
G138	G5460	1
G41	G5463	1
G45	G5464	1
G152	G5464	1
G111	G5465	1
G62	G5468	1
G95	G5468	1
G136	G5468	1
G1	G5470	1
G205	G5470	1
G219	G5470	1
G25	G5471	1
G143	G5477	1
G41	G5480	1
G160	G5480	1
G50	G5494	1
G301	G5499	1
G298	G5500	1
G138	G5507	1
G71	G5508	1
G224	G5513	1
G160	G5514	1
G199	G5515	1
G224	G5515	1
G104	G5517	1
G121	G5517	1
G15	G5520	1
G101	G5520	1
G212	G5521	1
G41	G5525	1
G111	G5526	1
G112	G5531	1
G41	G5534	1
G224	G5534	1
G138	G5535	1
G50	G5545	1
G138	G5545	1
G258	G5545	1
G41	G5547	1
G160	G5547	1
G160	G5550	1
G76	G5560	1
G221	G5560	1
G223	G5560	1
G87	G5561	1
G101	G5561	1
G143	G5561	1
G273	G5561	1
G76	G5562	1
G158	G5562	1
G219	G5562	1
G212	G5565	1
G223	G5565	1
G138	G5566	1
G224	G5567	1
G138	G5568	1
G22	G5570	1
G168	G5572	1
G273	G5572	1
G1	G5575	1
G98	G5575	1
G121	G5575	1
G1	G5579	1
G14	G5579	1
G15	G5579	1
G22	G5579	1
G45	G5579	1
G87	G5579	1
G101	G5579	1
G112	G5579	1
G152	G5579	1
G172	G5579	1
G224	G5579	1
G109	G5587	1
G217	G5588	1
G62	G5593	1
G158	G5593	1
G219	G5593	1
G289	G5593	1
G316	G5593	1
G212	G5595	1
G273	G5598	1
G288	G5598	1
G1	G5612	1
G160	G5613	1
G158	G5617	1
G45	G5620	1
G117	G5621	1
G224	G5621	1
G327	G5630	1
G121	G5632	1
G296	G5632	1
G41	G5638	1
G50	G5638	1
G76	G5638	1
G76	G5641	1
G117	G5641	1
G143	G5641	1
G247	G5641	1
G303	G5641	1
G138	G5643	1
G136	G5644	1
G301	G5647	1
G71	G5650	1
G117	G5656	1
G61	G5657	1
G15	G5659	1
G223	G5661	1
G298	G5661	1
G104	G5665	1
G112	G5665	1
G152	G5665	1
G154	G5665	1
G76	G5668	1
G224	G5674	1
G138	G5676	1
G41	G5677	1
G76	G5677	1
G289	G5677	1
G158	G5678	1
G1	G5680	1
G22	G5680	1
G47	G5680	1
G98	G5680	1
G112	G5680	1
G139	G5680	1
G152	G5680	1
G171	G5680	1
G276	G5680	1
G102	G5683	1
G160	G5684	1
G223	G5684	1
G217	G5685	1
G160	G5687	1
G109	G5692	1
G221	G5694	1
G223	G5694	1
G136	G5695	1
G1	G5696	1
G98	G5696	1
G138	G5696	1
G223	G5701	1
G319	G5701	1
G224	G5704	1
G62	G5708	1
G95	G5708	1
G127	G5708	1
G136	G5708	1
G41	G5709	1
G222	G5709	1
G224	G5711	1
G138	G5712	1
G41	G5717	1
G101	G5721	1
G102	G5722	1
G76	G5723	1
G224	G5723	1
G329	G5723	1
G94	G5724	1
G157	G5724	1
G124	G5725	1
G152	G5725	1
G211	G5726	1
G274	G5734	1
G171	G5735	1
G143	G5741	1
G138	G5742	1
G211	G5743	1
G15	G5745	1
G87	G5745	1
G152	G5745	1
G22	G5746	1
G1	G5748	1
G71	G5748	1
G112	G5748	1
G152	G5748	1
G154	G5748	1
G137	G5750	1
G223	G5751	1
G109	G5753	1
G245	G5754	1
G104	G5755	1
G25	G5756	1
G22	G5757	1
G87	G5757	1
G112	G5757	1
G139	G5757	1
G152	G5757	1
G221	G5757	1
G199	G5758	1
G65	G5764	1
G94	G5768	1
G138	G5769	1
G104	G5771	1
G112	G5771	1
G152	G5771	1
G87	G5774	1
G319	G5775	1
G111	G5777	1
G138	G5781	1
G41	G5782	1
G224	G5784	1
G301	G5784	1
G211	G5785	1
G87	G5788	1
G110	G5788	1
G136	G5788	1
G111	G5789	1
G117	G5789	1
G138	G5790	1
G256	G5790	1
G160	G5793	1
G138	G5794	1
G41	G5797	1
G104	G5797	1
G15	G5798	1
G45	G5798	1
G61	G5798	1
G87	G5798	1
G95	G5798	1
G104	G5798	1
G112	G5798	1
G143	G5798	1
G152	G5798	1
G154	G5798	1
G171	G5798	1
G227	G5798	1
G109	G5801	1
G298	G5801	1
G109	G5811	1
G109	G5814	1
G1	G5817	1
G98	G5817	1
G217	G5817	1
G11	G5819	1
G41	G5819	1
G211	G5819	1
G76	G5821	1
G138	G5821	1
G160	G5821	1
G95	G5825	1
G71	G5828	1
G109	G5828	1
G319	G5829	1
G1	G5838	1
G223	G5840	1
G319	G5840	1
G122	G5860	1
G127	G5860	1
G1	G5861	1
G41	G5861	1
G95	G5861	1
G98	G5861	1
G41	G5862	1
G1	G5863	1
G98	G5863	1
G222	G5865	1
G160	G5866	1
G298	G5866	1
G97	G5867	1
G138	G5871	1
G87	G5874	1
G1	G5877	1
G71	G5877	1
G87	G5877	1
G112	G5877	1
G121	G5877	1
G143	G5877	1
G152	G5877	1
G227	G5877	1
G233	G5877	1
G296	G5877	1
G160	G5881	1
G41	G5884	1
G87	G5888	1
G219	G5888	1
G104	G5910	1
G41	G5915	1
G224	G5916	1
G171	G5919	1
G97	G5921	1
G224	G5921	1
G112	G5922	1
G160	G5925	1
G76	G5926	1
G41	G5932	1
G158	G5934	1
G219	G5934	1
G62	G5936	1
G289	G5936	1
G316	G5936	1
G41	G5938	1
G109	G5939	1
G1	G5940	1
G98	G5940	1
G223	G5942	1
G319	G5942	1
G66	G5944	1
G121	G5944	1
G296	G5944	1
G87	G5946	1
G138	G5947	1
G95	G5949	1
G117	G5949	1
G136	G5949	1
G1	G5950	1
G14	G5950	1
G50	G5950	1
G258	G5950	1
G292	G5950	1
G327	G5950	1
