D4_10_1;D4_10_1;D4_10_1;D4_10_1;D4_10_2;D4_10_2;D4_10_2;D4_10_3;D4_10_3;D4_10_3;D4_10_4;D4_10_4;D4_10_4;D4_10_5;D4_10_5;D4_10_5;D3_10_Ecoli1;D3_10_Ecoli1;D3_10_Ecoli1;D3_10_Ecoli2;D3_10_Ecoli2;D3_10_Ecoli2;D3_10_Yeast1;D3_10_Yeast1;D3_10_Yeast1;D3_10_Yeast2;D3_10_Yeast2;D3_10_Yeast2;D3_10_Yeast3;D3_10_Yeast3;D3_10_Yeast3;sim_BioGrid_Bacillus_subtilis_168_mixed_exp;sim_BioGrid_Bacillus_subtilis_168_mixed_exp;sim_BioGrid_Bacillus_subtilis_168_mixed_exp;sim_BioGrid_Chlamydomonas_reinhardtii_mixed_exp;sim_BioGrid_Chlamydomonas_reinhardtii_mixed_exp;sim_BioGrid_Chlamydomonas_reinhardtii_mixed_exp;sim_BioGrid_Simian_Immunodeficiency_Virus_mixed_exp;sim_BioGrid_Simian_Immunodeficiency_Virus_mixed_exp;sim_BioGrid_Simian_Immunodeficiency_Virus_mixed_exp;sim_BioGrid_Simian_Virus_40_mixed_exp;sim_BioGrid_Simian_Virus_40_mixed_exp;sim_BioGrid_Simian_Virus_40_mixed_exp;sim_BioGrid_Streptococcus_pneumoniae_ATCCBAA255_mixed_exp;sim_BioGrid_Streptococcus_pneumoniae_ATCCBAA255_mixed_exp;sim_BioGrid_Streptococcus_pneumoniae_ATCCBAA255_mixed_exp;sim_BioGrid_Strongylocentrotus_purpuratus_mixed_exp;sim_BioGrid_Strongylocentrotus_purpuratus_mixed_exp;sim_BioGrid_Strongylocentrotus_purpuratus_mixed_exp;sim_BioGrid_Vaccinia_Virus_mixed_exp;sim_BioGrid_Vaccinia_Virus_mixed_exp;sim_BioGrid_Vaccinia_Virus_mixed_exp;sim_BioGrid_Zea_mays_mixed_exp;sim_BioGrid_Zea_mays_mixed_exp;sim_BioGrid_Zea_mays_mixed_exp;sim_eipo-modular_size-20_knockdown_exp;sim_eipo-modular_size-20_knockdown_exp;sim_eipo-modular_size-20_knockdown_exp;sim_eipo-modular_size-20_knockout_exp;sim_eipo-modular_size-20_knockout_exp;sim_eipo-modular_size-20_knockout_exp;sim_eipo-modular_size-20_overexpression_exp;sim_eipo-modular_size-20_overexpression_exp;sim_eipo-modular_size-20_overexpression_exp;sim_scale-free_size-20_knockdown_exp;sim_scale-free_size-20_knockdown_exp;sim_scale-free_size-20_knockdown_exp;sim_scale-free_size-20_knockout_exp;sim_scale-free_size-20_knockout_exp;sim_scale-free_size-20_knockout_exp;sim_scale-free_size-20_overexpression_exp;sim_scale-free_size-20_overexpression_exp;sim_scale-free_size-20_overexpression_exp;sim_TFLink_Rattus_norvegicus_mixed_exp;sim_TFLink_Rattus_norvegicus_mixed_exp;sim_TFLink_Rattus_norvegicus_mixed_exp;IRMA_switch-off;IRMA_switch-off;IRMA_switch-off;IRMA_switch-on;IRMA_switch-on;IRMA_switch-on
Technique;AUPR;AUROC;Mean;AUPR;AUROC;Mean;AUPR;AUROC;Mean;AUPR;AUROC;Mean;AUPR;AUROC;Mean;AUPR;AUROC;Mean;AUPR;AUROC;Mean;AUPR;AUROC;Mean;AUPR;AUROC;Mean;AUPR;AUROC;Mean;AUPR;AUROC;Mean;AUPR;AUROC;Mean;AUPR;AUROC;Mean;AUPR;AUROC;Mean;AUPR;AUROC;Mean;AUPR;AUROC;Mean;AUPR;AUROC;Mean;AUPR;AUROC;Mean;AUPR;AUROC;Mean;AUPR;AUROC;Mean;AUPR;AUROC;Mean;AUPR;AUROC;Mean;AUPR;AUROC;Mean;AUPR;AUROC;Mean;AUPR;AUROC;Mean;AUPR;AUROC;Mean;AUPR;AUROC;Mean
ARACNE;0.3309916720355206;0.6235555555555556;0.4772736137;0.1710165754283653;0.4489020270270271;0.3099593012;0.2771131704727659;0.5617777777777778;0.4194454741;0.3032957771409509;0.6693306693306693;0.4863132232;0.3167515046475245;0.6688034188034188;0.4927774617;0.1529322896801053;0.5609896432681244;0.3569609664;0.1851768407489128;0.524;0.3545884203;0.1546482690152746;0.6268750000000001;0.3907616345;0.4169611820960938;0.6030769230769232;0.5100190525;0.2463083332578577;0.5043449197860963;0.3753266265;0.28016855214602;0.489197530864198;0.3846830415;0.167826884908625;0.648333333333333;0.4080801091;0.561155299665737;0.771838331160365;0.6664968154;0.647666266828146;0.823529411764706;0.7355978392;0.569460163200017;0.537037037037037;0.5532486001;0.0753192777317389;0.544405594405594;0.309862436;0.330559777248177;0.694727891156463;0.5126438342;0.553437920775603;0.836322869955157;0.6948803953;0.403693042634276;0.654758261933905;0.5292256522;0.395074202668416;0.64672582619339;0.5209000144;0.251387632298387;0.569920440636475;0.4106540364;0.29161800164226;0.497277777777778;0.3944478897;0.267590733734128;0.486944444444445;0.377267589;0.312223088151082;0.531166666666667;0.4216948774;0.797267445945918;0.993421052631579;0.8953442492;0.26051524403496;0.465909090909091;0.3632121674;0.487572950947748;0.613636363636364;0.5506046572
BC3NET;0.46770186034075;0.7413333333333333;0.6045175968;0.2027977381204774;0.5097128378378378;0.3562552879;0.1936306935130352;0.5671111111111111;0.3803709023;0.2785412258258744;0.6348651348651349;0.4567031803;0.2165827091179156;0.6613247863247863;0.4389537477;0.2146088522419294;0.6116225546605294;0.4131157034;0.2157713686926967;0.4804444444444444;0.3481079065;0.2409337131744374;0.5706249999999999;0.4057793565;0.3459425211597734;0.5913846153846154;0.4686635682;0.2279730796636349;0.4846256684491977;0.356299374;0.359931201839504;0.584876543209877;0.4724038725;0.168095501701012;0.562777777777778;0.3654366397;0.591566663436573;0.793785310734463;0.692675987;0.459544152702434;0.625;0.5422720763;0.630357354017687;0.611111111111111;0.6207342325;0.0590346287597824;0.479020979020979;0.2690278038;0.475074727456874;0.767857142857143;0.6214659351;0.683049782970725;0.865751121076233;0.774400452;0.379022045220544;0.605339657282742;0.4921808512;0.347994504981454;0.581548347613219;0.4647714262;0.359525397351217;0.606487148102815;0.4830062727;0.319238780375419;0.542055555555556;0.4306471679;0.318896382710965;0.5355;0.4271981913;0.296778751862224;0.498555555555556;0.3976671537;0.525742240010033;0.740131578947368;0.6329369094;0.230447955079547;0.454545454545455;0.3424967048;0.230447955079547;0.454545454545455;0.3424967048
C3NET;0.3539580070354745;0.6635555555555556;0.5087567812;0.1822875563732913;0.4864864864864865;0.3343870214;0.2624778055613536;0.5262222222222223;0.3943500138;0.2866461331603457;0.6343656343656343;0.4605058837;0.3496722712687917;0.6965811965811965;0.5231267339;0.1599472942514954;0.5753739930955122;0.3676606436;0.1832158623813559;0.5217777777777778;0.35249682;0.1368215935520349;0.5718749999999999;0.3543482967;0.4140264142795345;0.6003076923076923;0.5071670532;0.2538326716869171;0.5167112299465241;0.3852719508;0.282849512931621;0.493827160493827;0.3883383367;0.131586808510683;0.620555555555556;0.376071182;0.505841962362012;0.717731421121252;0.6117866917;0.544277711355149;0.720588235294118;0.6324329733;0.594760139112074;0.578703703703704;0.5867319214;0.0662495278243834;0.504195804195804;0.285222666;0.330835628702509;0.673469387755102;0.5021525082;0.54558849015378;0.801569506726457;0.6735789984;0.377703295791078;0.617120563035496;0.4974119294;0.341358089881121;0.590575275397797;0.4659666826;0.23321384899224;0.538402692778458;0.3858082708;0.30921682128623;0.515555555555556;0.4123861884;0.268624809568714;0.487055555555556;0.3778401825;0.299028186068135;0.515611111111111;0.4073196485;0.522345875358916;0.730263157894737;0.6263045166;0.312383269107628;0.568181818181818;0.4402825436;0.485670064247615;0.590909090909091;0.5382895775
CLR;0.3483475505954555;0.6506666666666667;0.4995071086;0.1881214677070924;0.4860641891891892;0.3370928284;0.2693458661063784;0.5946666666666667;0.4320062663;0.2693669584198342;0.6893106893106893;0.4793388238;0.3647702690890051;0.6912393162393162;0.5280047926;0.1477150333831642;0.571921749136939;0.3598183912;0.1598893220421028;0.4542222222222222;0.3070557721;0.1724433136950888;0.5787500000000001;0.3755966568;0.3783324930186841;0.5781538461538462;0.4782431695;0.2619258144361711;0.4893048128342246;0.3756153136;0.184749559932797;0.429012345679012;0.3068809528;0.13682006416444;0.69;0.413410032;0.556106482910611;0.879617557583659;0.7178620202;0.532905233719104;0.764705882352941;0.648805558;0.583819556645608;0.564814814814815;0.5743171857;0.0751586984987515;0.546153846153846;0.3106562723;0.361086041499283;0.756802721088435;0.5589443812;0.573090444211029;0.817825112107623;0.6954577781;0.497654088330309;0.785648714810281;0.6416514015;0.447661543532479;0.755507955936352;0.6015847497;0.355843335577524;0.699127906976744;0.5274856212;0.295236855690905;0.531222222222222;0.4132295389;0.310899023437732;0.543666666666667;0.427282845;0.325231142425601;0.525666666666667;0.4254489045;0.599405822126432;0.960526315789474;0.7799660689;0.320800714512393;0.613636363636364;0.467218539;0.533068160799609;0.704545454545455;0.6188068076
CMI2NI;0.3441968089156008;0.6417777777777778;0.4929872933;0.2174503985268011;0.5996621621621621;0.4085562803;0.2491280180725825;0.6177777777777778;0.4334528979;0.342462018071277;0.6863136863136863;0.5143878521;0.3518714259922076;0.7628205128205128;0.5573459694;0.232128772264051;0.57307249712313;0.4026006346;0.2669931642307326;0.5511111111111111;0.4090521376;0.1536165128535777;0.575;0.3643082564;0.3228509519750862;0.5384615384615384;0.4306562452;0.2389925451038078;0.5160427807486632;0.3775176629;0.397252257341578;0.546296296296296;0.4717742768;0.210486349188674;0.713333333333333;0.4619098412;0.705433633220286;0.953063885267275;0.8292487592;0.944214112171448;0.985294117647059;0.9647541149;0.747286395621813;0.652777777777778;0.7000320866;0.19911549662725;0.803496503496503;0.501306;0.415332179270111;0.681972789115646;0.5486524841;0.670082981785339;0.753923766816143;0.7120033743;0.578432818647418;0.842870257037944;0.7106515378;0.483335503593894;0.789014687882497;0.6361750957;0.394543548882508;0.686429008567931;0.5404862787;0.357655607618539;0.578333333333333;0.4679944704;0.371321570648533;0.639444444444444;0.5053830075;0.357904278284712;0.579888888888889;0.4688965835;0.523769525281296;0.802631578947368;0.6632005521;0.455734378689128;0.772727272727273;0.6142308257;0.497927009543028;0.659090909090909;0.5785089593
GENIE3_ET;0.4529824293915481;0.8613333333333333;0.6571578813;0.2391801279442564;0.612331081081081;0.4257556045;0.2481969915365433;0.648;0.4480984957;0.2748511506801946;0.7162837162837163;0.4955674334;0.4153237758093465;0.8301282051282052;0.6227259904;0.1733772719215974;0.6087456846950519;0.3910614783;0.219110863585931;0.6506666666666667;0.4348887651;0.1161813217545167;0.51125;0.3137156608;0.3512500937292784;0.5833846153846154;0.4673173545;0.2876928890318085;0.5768716577540107;0.4322822733;0.380234203933985;0.515432098765432;0.4478331513;0.187619622620466;0.695;0.4413098113;0.532669680811952;0.874402433724468;0.7035360572;0.489754013700418;0.720588235294118;0.6051711244;0.635364205876717;0.560185185185185;0.5977746955;0.0529312372155259;0.421328671328671;0.2371299542;0.427537079231506;0.636054421768708;0.5317957505;0.372687993459026;0.743834080717489;0.558261037;0.541461224124321;0.829406364749082;0.6854337944;0.55664691935378;0.836291309669523;0.6964691145;0.345638498917294;0.734700122399021;0.5401693106;0.335958177785423;0.600111111111111;0.4680346444;0.393874493309687;0.622888888888889;0.508381691;0.354386471571245;0.627666666666667;0.4910265691;0.540428619202656;0.888157894736842;0.7142932569;0.413155474518975;0.727272727272727;0.5702141008;0.388090227551918;0.727272727272727;0.5576814774
GENIE3_RF;0.4500399616493681;0.8320000000000001;0.6410199808;0.2516599008133285;0.6258445945945945;0.4387522477;0.3653983954281484;0.6817777777777778;0.5235880866;0.299590517450636;0.6853146853146853;0.4924526013;0.4446688365523678;0.8087606837606838;0.6267147601;0.1636051912714987;0.5972382048331416;0.380421698;0.2391566998576899;0.6897777777777778;0.4644672388;0.1050865378455695;0.47875;0.2919182689;0.3590351822902871;0.56;0.4595175911;0.3086150976514817;0.5795454545454546;0.444080276;0.345319418616758;0.506172839506173;0.425746129;0.0990474960839414;0.694444444444444;0.3967459702;0.550360586710873;0.856149500217297;0.7032550434;0.273978841806211;0.647058823529412;0.4605188326;0.435613259642751;0.537037037037037;0.4863251483;0.0725038829212048;0.595804195804196;0.3341540393;0.299650528814893;0.641156462585034;0.4704034956;0.498683312567757;0.734865470852018;0.6167743917;0.477498989160716;0.832925336597307;0.6552121628;0.500588749341876;0.79452264381885;0.6475556965;0.318502608868073;0.732864137086903;0.5256833729;0.361060520145728;0.623777777777778;0.4924191489;0.309494137668787;0.576666666666667;0.4430804021;0.327921808159542;0.579;0.453460904;0.614623300431854;0.967105263157895;0.7908642817;0.319436633798666;0.636363636363636;0.477900135;0.665284673028685;0.727272727272727;0.6962787001
GRNBOOST2;0.3122372812063031;0.6693333333333333;0.4907853072;0.2335780423150415;0.566722972972973;0.4001505076;0.3363706685352069;0.7075555555555555;0.521963112;0.3880826189509487;0.7602397602397603;0.5741611895;0.3623488685774101;0.7350427350427351;0.5486958018;0.1389298575973221;0.5477560414269276;0.3433429495;0.3019961721700643;0.6933333333333334;0.4976647527;0.1034963500667652;0.46875;0.286123175;0.3711733543295663;0.5624615384615386;0.4668174463;0.3181983768512413;0.606283422459893;0.4622408996;0.20549536855091;0.432098765432099;0.3187970669;0.179634830163642;0.586388888888889;0.3830118595;0.376251643200184;0.764884832681443;0.5705682379;0.239055599159009;0.647058823529412;0.4430572113;0.435753829338645;0.546296296296296;0.4910250628;0.0784721939008558;0.616083916083916;0.3472780549;0.14229411776523;0.629251700680272;0.3857729092;0.290346986836716;0.616031390134529;0.4531891884;0.299733480275578;0.627294981640147;0.4635142309;0.251578518081033;0.590575275397797;0.4210768967;0.201480817360385;0.571144430844553;0.3863126241;0.326787556494229;0.552555555555556;0.439671556;0.349694706065991;0.563444444444444;0.4565695752;0.298692319951973;0.546111111111111;0.4224017155;0.165639082772373;0.927631578947368;0.5466353308;0.67144893744541;0.863636363636364;0.7675426505;0.562369776294354;0.772727272727273;0.6675485245
GRNVBEM;0.61369189876427;0.7564444444444445;0.6850681716;0.340263870635496;0.6984797297297297;0.5193718001;0.2534343582850817;0.5777777777777777;0.415606068;0.2298801348575494;0.6853146853146854;0.45759741;0.3496100977378164;0.813034188034188;0.5813221428;0.091994717230101;0.384349827387802;0.2381722723;0.1666594159883451;0.5155555555555555;0.3411074857;0.1002491591584398;0.4625;0.2813745795;0.320593229404749;0.5507692307692309;0.43568123;0.2169284989661176;0.4405080213903742;0.3287182601;0.181559759157201;0.478395061728395;0.3299774104;0.0422607870402095;0.424444444444444;0.2333526157;0.0743804079316336;0.496088657105606;0.2852345325;0.820953061968133;0.852941176470588;0.8369471192;0.452907585854508;0.444444444444444;0.4486760151;0.270087032819793;0.611188811188811;0.440637922;0.202306999251635;0.615646258503401;0.4089766288;0.0346677337230756;0.459080717488789;0.2468742256;0.14964785941612;0.436199510403917;0.2929236849;0.165281899235414;0.476285189718482;0.3207835444;0.154168292534422;0.435893512851897;0.2950309026;0.330936185558141;0.566666666666667;0.4488014261;0.338542790871852;0.483777777777778;0.4111602843;0.323230952290979;0.526444444444444;0.4248376983;0.0182999220792438;0.368421052631579;0.1933604873;0.266666666666667;0.5;0.3833333333;0.266666666666667;0.5;0.3833333333
INFERELATOR;0.3704588929574449;0.6631111111111111;0.516785002;0.2555332565563703;0.6123310810810811;0.4339321688;0.2433219133316383;0.5813333333333333;0.4123276233;0.337893254010859;0.7982017982017982;0.5680475261;0.3661841073510455;0.7590811965811965;0.5626326519;0.1868658053664071;0.3952819332566168;0.2910738693;0.2373694299405671;0.6471111111111111;0.4422402705;0.1073614303636976;0.489375;0.2983682151;0.3658422950765786;0.5618461538461539;0.4638442244;0.3138656561089689;0.5220588235294118;0.4179622398;0.368275100093442;0.634259259259259;0.5012671796;0.101860861209893;0.725277777777778;0.4135693194;0.568447611219524;0.837244676227727;0.7028461437;0.515495721487312;0.75;0.6327478607;0.636842624818171;0.592592592592593;0.6147176087;0.122559465061241;0.726923076923077;0.4247412709;0.462105332062173;0.717687074829932;0.5898962034;0.589331465133938;0.835201793721973;0.7122666294;0.594828866092349;0.81594247246022;0.7053856692;0.477299354670626;0.73921358629131;0.6082564704;0.465733386715645;0.75;0.6078666933;0.327034791197488;0.592222222222222;0.4596285067;0.336178706559511;0.531888888888889;0.4340337977;0.3005750675613;0.498055555555556;0.3993153115;0.564943115051852;0.934210526315789;0.7495768206;0.409270130693437;0.681818181818182;0.5455441562;0.380277542266378;0.636363636363636;0.5083205893
JUMP3;0.2614071390096456;0.5582222222222223;0.4098146806;0.5155087420211479;0.7668918918918919;0.6412003169;0.3688439873732043;0.6835555555555555;0.5261997714;0.2801645027836594;0.7022977022977024;0.4912311025;0.3920010061173239;0.7318376068376069;0.5619193064;0.1658224419354222;0.566168009205984;0.3659952255;0.241650959219278;0.6897777777777778;0.4657143684;0.0909587438544505;0.3687500000000001;0.2298543719;0.3261618077309317;0.5692307692307691;0.4476962884;0.3116937681636054;0.5367647058823529;0.424229237;0.166426196593556;0.342592592592593;0.2545093945;0.0518443304115801;0.513888888888889;0.2828666096;0.148252282380912;0.636245110821382;0.3922486966;0.248082727734948;0.691176470588235;0.4696295991;0.378773629740347;0.449074074074074;0.4139238519;0.0798643882683033;0.426573426573427;0.2532189074;0.0969803980923037;0.511904761904762;0.3044425799;0.0387091007831596;0.489349775784753;0.2640294382;0.263038996953693;0.65437576499388;0.4587073809;0.186969182468118;0.51438188494492;0.3506755337;0.187486398883858;0.550336597307222;0.368911498;0.385073087950021;0.658222222222222;0.521647655;0.405443316736777;0.610055555555556;0.5077494361;0.312925302117463;0.599666666666667;0.4562959843;0.0187362285940231;0.342105263157895;0.1804207458;0.256834768905777;0.545454545454546;0.4011446571;0.568476891322329;0.772727272727273;0.670602082
KBOOST;0.2324318011441773;0.5857777777777778;0.4091047894;0.2368117386428339;0.6030405405405406;0.4199261395;0.2532615194027117;0.576;0.4146307597;0.3411509871070631;0.7382617382617382;0.5397063626;0.2392554461593488;0.6666666666666667;0.4529610564;0.1739377134317322;0.5949367088607596;0.3844372111;0.2392471847713079;0.6479999999999999;0.4436235923;0.0928177038261935;0.34375;0.2182838519;0.3245560226375037;0.5415384615384615;0.433047242;0.1786016743207153;0.3168449197860963;0.247723297;0.305796178005236;0.385802469135802;0.3457993235;0.0601739926320368;0.433888888888889;0.2470314407;0.245379082594688;0.679704476314646;0.4625417794;0.679484410289534;0.897058823529412;0.7882716169;0.713956620225469;0.643518518518518;0.6787375693;0.468936748473256;0.951048951048951;0.7099928497;0.19865318244846;0.668367346938776;0.4335102646;0.263190617960805;0.661434977578475;0.4623127977;0.360759079809469;0.686352509179927;0.5235557944;0.437675317310972;0.733476132190942;0.5855757247;0.376840520342696;0.699510403916769;0.5381754621;0.347705978926605;0.606666666666667;0.4771863227;0.365771367911974;0.642111111111111;0.5039412395;0.309823560956776;0.523888888888889;0.4168562249;0.0503566097781705;0.585526315789474;0.3179414627;0.519895017095505;0.840909090909091;0.680402054;0.472992750367063;0.818181818181818;0.6455872842
LEAP;0.3360278360278144;0.6675555555555556;0.5017916957;0.24040554829343;0.5844594594594594;0.4124325038;0.2988083777859266;0.6311111111111111;0.4649597444;0.2749279804362132;0.6673326673326674;0.4711303238;0.5477193521905241;0.767094017094017;0.6574066846;0.1514665510916163;0.5776754890678941;0.36457102;0.1820285827342181;0.5591111111111111;0.3705698469;0.1587675955443012;0.565;0.3618837977;0.4401178879920521;0.656;0.5480589439;0.2312274816536361;0.4832887700534758;0.3572581258;0.273574313803677;0.441358024691358;0.3574661692;0.0714631570839963;0.644722222222222;0.3580926896;0.136251648816014;0.700564971751412;0.4184083102;0.659920390202445;0.867647058823529;0.7637837245;0.546026975999557;0.472222222222222;0.5091245991;0.112683928593691;0.586713286713287;0.3496986076;0.319902413626045;0.619047619047619;0.4694750163;0.162098471731131;0.524663677130045;0.3433810744;0.401433789404166;0.694767441860465;0.5481006156;0.352723506742208;0.688188494492044;0.5204560006;0.34692241640167;0.670440636474908;0.5086815264;0.36117602899866;0.636111111111111;0.49864357;0.400728414421042;0.649222222222222;0.5249753183;0.321697767386365;0.537333333333333;0.4295155503;0.365744337268246;0.980263157894737;0.6730037475;0.38202595520436;0.647727272727273;0.5148766139;0.568476891322329;0.772727272727273;0.670602082
LOCPCACMI;0.3308504056883586;0.6444444444444444;0.487647425;0.1930565217592735;0.5122466216216215;0.3526515716;0.2093385004010712;0.5537777777777778;0.381558139;0.308520574500233;0.6283716283716283;0.4684461014;0.3434308878048165;0.7003205128205129;0.5218757003;0.1698156992161018;0.5926352128883774;0.381225456;0.148172495756838;0.4679999999999999;0.3080862478;0.1533258950859965;0.5487500000000001;0.3510379475;0.3525006755004588;0.563076923076923;0.4577887992;0.2960681283513456;0.4986631016042779;0.3973656149;0.432688211107492;0.672839506172839;0.5527638586;0.215419445585784;0.742777777777778;0.4790986116;0.675069121325668;0.862668405041286;0.7688687631;0.820953061968133;0.852941176470588;0.8369471192;0.739514532305303;0.699074074074074;0.7192943031;0.214806481272984;0.845454545454545;0.5301305133;0.399890091459673;0.666666666666667;0.533278379;0.671933777708661;0.797645739910314;0.7347897588;0.486808314279951;0.720088739290086;0.6034485267;0.527121922158281;0.771190330477356;0.6491561263;0.311019572540435;0.655676254589963;0.4833479135;0.3127268586275;0.536666666666667;0.4246967626;0.378717867333964;0.596666666666667;0.487692267;0.316932553988535;0.518333333333333;0.4176329436;0.513508130945438;0.641447368421053;0.5774777496;0.289360672241797;0.534090909090909;0.4117257906;0.582556925833424;0.704545454545454;0.6435511901
MEOMI;0.2318918179168696;0.5831111111111111;0.4075014645;0.2389172817008035;0.4809966216216217;0.3599569516;0.1781607667873148;0.5266666666666666;0.3524137167;0.234967166797309;0.6503496503496504;0.4426584085;0.3053808064053636;0.7435897435897436;0.5244852749;0.1293923825260946;0.5356731875719218;0.332532785;0.1808757720810926;0.5213333333333334;0.3511045527;0.112825306203933;0.491875;0.3023501531;0.371725590624162;0.5969230769230769;0.4843243337;0.2692856860917893;0.5023395721925132;0.3858126291;0.24035382143025;0.574074074074074;0.4072139477;0.074902141732819;0.606666666666667;0.3407844041;0.173453772222;0.628857018687527;0.4011553954;0.192096795141101;0.507352941176471;0.3497248681;0.639943417712883;0.62962962962963;0.6347865236;0.0529376181383084;0.437062937062937;0.2450002776;0.12061254421934;0.555272108843537;0.3379423265;0.451768774900499;0.709080717488789;0.5804247461;0.400332391549418;0.645195838433293;0.5227641149;0.381361705841927;0.636933904528764;0.5091478051;0.310180276345181;0.586597307221542;0.4483887917;0.272686680910726;0.478555555555556;0.3756211182;0.307233595023292;0.509111111111111;0.408172353;0.291542457669979;0.486388888888889;0.3889656732;0.614623300431854;0.967105263157895;0.7908642817;0.289360672241797;0.534090909090909;0.4117257906;0.409270130693437;0.681818181818182;0.5455441562
MRNETB;0.3614031310512349;0.6866666666666666;0.5240348988;0.1838418808477988;0.4907094594594594;0.3372756701;0.2936312912697278;0.6302222222222221;0.4619267567;0.3169980579862397;0.6718281718281719;0.4944131149;0.339958927048061;0.670405982905983;0.5051824549;0.1409521667235642;0.547180667433832;0.344066417;0.1685035826719447;0.463111111111111;0.3158073468;0.1285032966966955;0.54875;0.3386266483;0.4043393254665194;0.5753846153846154;0.4898619704;0.2229927624569151;0.4485294117647059;0.3357610871;0.263009296463802;0.432098765432099;0.3475540309;0.179618801897967;0.737777777777778;0.4586982898;0.569531965488914;0.871360278139939;0.7204461218;0.600549384856314;0.794117647058823;0.6973335159;0.558273766782968;0.527777777777778;0.5430257722;0.0793463345990977;0.548951048951049;0.3141486917;0.344879504441366;0.743197278911565;0.5440383916;0.569664930367459;0.809977578475336;0.6898212544;0.436926879704957;0.762239902080783;0.5995833908;0.437332099491593;0.72452570379437;0.5809289016;0.334090410028679;0.679467564259486;0.5067789871;0.330132846030953;0.550333333333333;0.4402330896;0.298918071581134;0.543611111111111;0.4212645913;0.303298477752075;0.535666666666667;0.4194825722;0.797267445945918;0.993421052631579;0.8953442492;0.337802783067529;0.613636363636364;0.4757195733;0.370394732717201;0.613636363636364;0.4920155481
MRNET;0.343939536936747;0.6493333333333333;0.4966364351;0.1875594803163094;0.5046452702702703;0.3461023752;0.2743735034025417;0.5422222222222223;0.4082978628;0.3173001009225881;0.7117882117882117;0.5145441563;0.3415962657753864;0.6720085470085471;0.5068024063;0.1469262713320291;0.5155350978135789;0.3312306845;0.1785155218246747;0.5115555555555555;0.3450355386;0.1263807212605306;0.5206249999999999;0.3235028606;0.4121985527823395;0.5787692307692307;0.4954838917;0.2317972237077898;0.4401737967914437;0.3359855102;0.294510707580665;0.524691358024691;0.4096010328;0.185387554633816;0.690555555555556;0.437971555;0.565468496863335;0.869621903520209;0.7175452001;0.637263625398997;0.801470588235294;0.7193671068;0.558273766782968;0.527777777777778;0.5430257722;0.0792250270032586;0.571678321678322;0.3254516743;0.325150944667312;0.675170068027211;0.5001605063;0.548582572126944;0.809417040358744;0.6789998062;0.461821048983449;0.753289473684211;0.6075552613;0.443742348303812;0.706854345165239;0.5752983467;0.309010637877166;0.692778457772338;0.5008945478;0.323913094796381;0.536555555555556;0.4302343251;0.300533946490741;0.550777777777778;0.4256558621;0.304224558433827;0.5255;0.4148622792;0.797267445945918;0.993421052631579;0.8953442492;0.26051524403496;0.465909090909091;0.3632121674;0.593753418208732;0.738636363636364;0.6661948909
NARROMI;0.2679713822957601;0.5902222222222222;0.4290968022;0.2028501163760757;0.5430743243243243;0.3729622203;0.2217204268938417;0.5702222222222222;0.3959713245;0.2337710025877767;0.5384615384615385;0.3861162705;0.2068582446461042;0.5064102564102564;0.3566342505;0.1420072933733159;0.5431530494821634;0.3425801714;0.1752143452693699;0.5297777777777778;0.3524960615;0.1255773844453642;0.5312500000000001;0.3284136922;0.3986130276500149;0.5686153846153846;0.4836142061;0.2314339686973335;0.4866310160427807;0.3590324923;0.2;0.5;0.35;0.185186937218276;0.584444444444444;0.3848156908;0.463624691642902;0.688830943068231;0.5762278173;0.19047619047619;0.5;0.3452380952;0.547853931672625;0.555555555555556;0.5517047436;0.0605483652803522;0.486013986013986;0.2732811756;0.505139860295696;0.704081632653061;0.6046107464;0.543917619473175;0.75;0.6469588097;0.271611079135889;0.539014687882497;0.4053128835;0.315470699725299;0.593482252141983;0.4544764759;0.254847518662475;0.558445532435741;0.4066465255;0.296756010675141;0.511277777777778;0.4040168942;0.327585038973176;0.520111111111111;0.423848075;0.2614219503715;0.471;0.3662109751;0.523272247067174;0.733552631578947;0.6284124393;0.230447955079547;0.454545454545455;0.3424967048;0.266666666666667;0.5;0.3833333333
NONLINEARODES;0.2187408173773108;0.6444444444444445;0.4315926309;0.182718766743174;0.5734797297297297;0.3780992482;0.1574405965313906;0.4862222222222222;0.3218314093;0.3509909516405939;0.7672327672327672;0.5591118594;0.3036744582480475;0.6164529914529915;0.4600637248;0.1100773865084166;0.4568469505178366;0.2834621685;0.1846288056888941;0.5413333333333334;0.3629810695;0.1238170760517223;0.5625;0.343158538;0.3450437878760417;0.592;0.4685218939;0.3890631963536469;0.5474598930481283;0.4682615447;0.131057859686086;0.268518518518519;0.1997881891;0.0871143317297689;0.685277777777778;0.3861960547;0.133510112638916;0.671447196870926;0.4024786547;0.797267445945918;0.941176470588235;0.8692219582;0.360001274792753;0.421296296296296;0.3906487855;0.0515779495205053;0.425174825174825;0.2383763873;0.203102083291565;0.460034013605442;0.3315680484;0.0501915128274786;0.591367713004484;0.3207796129;0.240081081462866;0.626147490820073;0.4331142861;0.260696095185934;0.642900856793146;0.4517984759;0.247144781205267;0.660648714810282;0.453896748;0.371628313938995;0.628555555555556;0.5000919347;0.376022132303165;0.616277777777778;0.496149955;0.397357395982172;0.608111111111111;0.5027342535;0.0546939195632838;0.789473684210526;0.4220838018;0.413259619490279;0.75;0.5816298097;0.482356635948534;0.636363636363636;0.5593601361
PCACMI;0.2097293120729723;0.5244444444444445;0.3670868782;0.1750214472829871;0.4467905405405404;0.3109059939;0.2473317520574361;0.4995555555555556;0.3734436538;0.2781741830118665;0.6433566433566433;0.4607654131;0.2659244957019409;0.5673076923076923;0.416616094;0.1425409974084758;0.5489067894131185;0.3457238934;0.1413206863078764;0.368;0.2546603431;0.0854508247581578;0.3900000000000001;0.2377254123;0.4694009109710835;0.688;0.5787004554;0.2381656433926763;0.5267379679144385;0.3824518056;0.397252257341578;0.546296296296296;0.4717742768;0.208824486303723;0.712777777777778;0.460801132;0.705433633220286;0.953063885267275;0.8292487592;0.944214112171448;0.985294117647059;0.9647541149;0.747286395621813;0.652777777777778;0.7000320866;0.19911549662725;0.803496503496503;0.501306;0.41278334143879;0.680272108843537;0.5465277251;0.670082981785339;0.753923766816143;0.7120033743;0.593077855443204;0.822827417380661;0.7079526364;0.476047088405936;0.777845777233782;0.6269464328;0.419243208711367;0.676790085679315;0.5480166471;0.3312441651403;0.569777777777778;0.4505109714;0.374135387187684;0.637444444444444;0.5057899158;0.347834410177554;0.591777777777778;0.4698060939;0.523769525281296;0.802631578947368;0.6632005521;0.455734378689128;0.772727272727273;0.6142308257;0.497927009543028;0.659090909090909;0.5785089593
PCIT;0.3262419523120088;0.5884444444444444;0.4573431983;0.2948158095580698;0.5819256756756757;0.4383707426;0.2083688215647319;0.5648888888888889;0.3866288552;0.2562414766875783;0.5394605394605395;0.397851008;0.2578513999950218;0.5576923076923077;0.4077718538;0.2986710147074708;0.5454545454545455;0.42206278;0.162616116084403;0.4862222222222222;0.3244191691;0.1693588576976446;0.563125;0.3662419288;0.2336297488281485;0.4119999999999999;0.3228148744;0.3500924538835921;0.5675133689839573;0.4588029114;0.2;0.5;0.35;0.0526315789473684;0.5;0.2763157894;0.068421052631579;0.5;0.2842105263;0.19047619047619;0.5;0.3452380952;0.428571428571429;0.5;0.4642857142;0.065359477124183;0.5;0.2826797385;0.0769230769230769;0.5;0.2884615384;0.0346320346320346;0.5;0.2673160173;0.180952380952381;0.5;0.3404761904;0.180952380952381;0.5;0.3404761904;0.180952380952381;0.5;0.3404761904;0.285714285714286;0.5;0.3928571428;0.285714285714286;0.5;0.3928571428;0.285714285714286;0.5;0.3928571428;0.0256410256410256;0.5;0.2628205128;0.266666666666667;0.5;0.3833333333;0.266666666666667;0.5;0.3833333333
PIDC;0.2709082215904694;0.5422222222222222;0.4065652219;0.2064562833535365;0.5287162162162162;0.3675862497;0.2396194295734828;0.6106666666666667;0.4251430481;0.3198641938861093;0.7142857142857143;0.517074954;0.3631142617226254;0.7243589743589743;0.543736618;0.1747933496300642;0.6352128883774453;0.405003119;0.1967015627765632;0.615111111111111;0.4059063369;0.2151249567019387;0.4525;0.3338124783;0.2978908885507635;0.5618461538461539;0.4298685211;0.2483997307234669;0.517379679144385;0.3828897049;0.307972420537654;0.54320987654321;0.4255911485;0.0550772436067495;0.527222222222222;0.2911497329;0.334691677651292;0.774445893089961;0.5545687853;0.245370587312258;0.617647058823529;0.431508823;0.426741652759256;0.37962962962963;0.4031856411;0.211572070160986;0.674825174825175;0.4431986224;0.273223023722808;0.629251700680272;0.4512373622;0.152789578825151;0.704596412556054;0.4286929956;0.279512157457169;0.534118727050183;0.4068154422;0.248431043741015;0.515146878824969;0.3817889612;0.176934018829475;0.501223990208078;0.3390790045;0.407230043344668;0.588833333333333;0.4980316883;0.329456421411048;0.583055555555556;0.4562559884;0.350163875777986;0.594944444444444;0.4725541601;0.123886334052462;0.828947368421053;0.4764168512;0.277407060525959;0.590909090909091;0.4341580757;0.273559809546895;0.556818181818182;0.4151889956
PLSNET;0.1454481217982196;0.3466666666666667;0.2460573942;0.1783141560360462;0.5168918918918919;0.3476030239;0.2983701065394436;0.648;0.4731850532;0.2733559829503207;0.6863136863136863;0.4798348346;0.2109299176757246;0.7200854700854701;0.4655076938;0.1419061584429771;0.5466052934407365;0.3442557259;0.3200360359662668;0.6462222222222223;0.483129129;0.1744271583587338;0.5775000000000001;0.3759635791;0.2957095732815409;0.5593846153846155;0.4275470943;0.2916881026894085;0.5467914438502673;0.4192397732;0.144982844761718;0.342592592592593;0.2437877186;0.0552634329809225;0.475;0.2651317164;0.389713590789818;0.670143415906128;0.5299285033;0.944214112171448;0.985294117647059;0.9647541149;0.511570460285495;0.587962962962963;0.5497667116;1.0;1.0;1.0;0.245928417187031;0.58843537414966;0.4171818956;0.545755229984845;0.723654708520179;0.6347049692;0.36742463245558;0.710373317013464;0.5388989747;0.261888663946003;0.68375152998776;0.4728200969;0.312395526862609;0.681456548347613;0.4969260376;0.31935788972342;0.570111111111111;0.4447345004;0.260319070339369;0.482111111111111;0.3712150907;0.316373458249127;0.5595;0.4379367291;0.51303120406766;0.631578947368421;0.5723050757;0.84195922651326;0.863636363636364;0.852797795;0.730387450856156;0.818181818181818;0.7742846345
PUC;0.2941025048551136;0.5422222222222222;0.4181623635;0.2087569887265913;0.4442567567567567;0.3265068727;0.2290332089190241;0.6106666666666667;0.4198499377;0.3414662619307478;0.7222777222777224;0.5318719921;0.341399839577466;0.6944444444444444;0.517922142;0.1951336821499599;0.6628308400460299;0.428982261;0.204720699369936;0.624;0.4143603496;0.2145267688502131;0.4599999999999999;0.3372633844;0.3144716026803326;0.563076923076923;0.4387742628;0.3184046146629734;0.5200534759358288;0.4192290452;0.33276503194568;0.521604938271605;0.4271849851;0.0587157012056319;0.538055555555556;0.2983856283;0.476701828180689;0.782268578878748;0.6294852035;0.238444439281708;0.573529411764706;0.4059869255;0.40987294584341;0.333333333333333;0.3716031395;0.113260334584084;0.707692307692308;0.4104763211;0.250243667439989;0.663265306122449;0.4567544867;0.136423001470386;0.649103139013453;0.3927630702;0.286162679660555;0.534195226438188;0.410178953;0.21157072538241;0.512851897184822;0.3622113112;0.188267250833356;0.504130966952264;0.3461991088;0.39202006011439;0.583;0.48751003;0.372569846642823;0.656333333333333;0.5144515899;0.361995438109276;0.596333333333333;0.4791643857;0.527220625778629;0.828947368421053;0.678083997;0.231086813569183;0.465909090909091;0.3484979522;0.273559809546895;0.556818181818182;0.4151889956
RSNET;0.3513966979045588;0.7004444444444444;0.5259205711;0.2977852852876355;0.6030405405405406;0.4504129129;0.2506039241183148;0.648;0.449301962;0.3314184740092517;0.6813186813186813;0.5063685776;0.2865012645760085;0.6148504273504274;0.4506758459;0.1627239335596123;0.5719217491369389;0.3673228413;0.1624736248585699;0.5315555555555556;0.3470145902;0.1379416480785578;0.5431249999999999;0.340533324;0.3664092947636775;0.6110769230769231;0.4887431089;0.1796338077916882;0.3542780748663101;0.2669559413;0.397252257341578;0.546296296296296;0.4717742768;0.222158328135339;0.717777777777778;0.4699680529;0.678907351800728;0.950456323337679;0.8146818375;0.944214112171448;0.985294117647059;0.9647541149;0.747286395621813;0.652777777777778;0.7000320866;0.213529485979269;0.808391608391608;0.5109605471;0.513059720722055;0.695578231292517;0.604318976;0.670082981785339;0.753923766816143;0.7120033743;0.315891930290018;0.572368421052632;0.4441301756;0.403357139765497;0.637851897184822;0.5206045184;0.259504162628775;0.582236842105263;0.4208705023;0.280206163948956;0.506444444444444;0.3933253041;0.452365896088325;0.587833333333333;0.5200996147;0.312963046990229;0.570055555555556;0.4415093012;0.523769525281296;0.802631578947368;0.6632005521;0.495385636233288;0.795454545454545;0.6454200908;0.497927009543028;0.659090909090909;0.5785089593
TIGRESS;0.3256690763592111;0.5973333333333333;0.4615012048;0.2190524580004652;0.6140202702702704;0.4165363641;0.1673952511527363;0.487111111111111;0.3272531811;0.1500178274653372;0.4915084915084915;0.3207631594;0.1267928218233427;0.4017094017094016;0.2642511117;0.1173907460771705;0.4810126582278481;0.2992017021;0.4300956559875;0.6568888888888889;0.5434922724;0.2420468643582978;0.67625;0.4591484321;0.2490830202962456;0.4892307692307692;0.3691568947;0.201273546322495;0.4304812834224599;0.3158774148;0.229605949005941;0.481481481481482;0.3555437152;0.130575969856212;0.680555555555556;0.4055657627;0.678135036747493;0.94980443285528;0.8139697348;0.468156479335723;0.808823529411765;0.6384900043;0.594401563812653;0.560185185185185;0.5772933744;0.0579522522621635;0.477622377622378;0.2677873149;0.457024862634641;0.685374149659864;0.5711995061;0.692665961099914;0.757286995515695;0.7249764783;0.538264554321121;0.793451652386781;0.6658581033;0.510914022750628;0.80875152998776;0.6598327763;0.390260436503069;0.736153610771114;0.5632070236;0.341121337420204;0.614388888888889;0.4777551131;0.274480305464592;0.507555555555556;0.3910179305;0.332925627780195;0.584111111111111;0.4585183694;0.548230352037002;0.907894736842105;0.7280625444;0.412599608414135;0.772727272727273;0.5926634405;0.348156841662808;0.659090909090909;0.5036238753
BEST_GENECI;0.4405836849845739;0.8302222222222222;0.635402953603398;0.3047418518185033;0.6469594594594594;0.4758506556389813;0.3435429348341359;0.6719999999999999;0.5077714674170679;0.3556117065522854;0.7622377622377623;0.5589247343950239;0.4880593866498151;0.811965811965812;0.6500125993078135;0.1947701814127423;0.6363636363636364;0.4155669088881893;0.2717549148274879;0.672;0.471877457413744;0.127539271021896;0.4850000000000001;0.306269635510948;0.453470380793922;0.6283076923076922;0.5408890365508071;0.3207323377223858;0.5628342245989305;0.4417832811606581;0.429042087319848;0.549382716049383;0.4892124016846155;0.265452835144096;0.736111111111111;0.5007819731276035;0.700314262901821;0.933941764450239;0.8171280136760299;0.944214112171448;0.985294117647059;0.9647541149092536;0.736301108794614;0.625;0.6806505543973069;0.142776543951858;0.78041958041958;0.461598062185719;0.510729982989184;0.692176870748299;0.6014534268687415;0.701751451086761;0.758968609865471;0.730360030476116;0.384375544945006;0.766064871481028;0.575220208213017;0.534889570586384;0.818237454100367;0.6765635123433755;0.339437625317928;0.75734394124847;0.548390783283199;0.367174756967868;0.634222222222222;0.500698489595045;0.403966436557823;0.683;0.5434832182789116;0.376347821000666;0.661;0.5186739105003331;0.665284673028685;0.980263157894737;0.822773915461711;0.426241624192479;0.795454545454545;0.610848084823512;0.455687383106575;0.818181818181818;0.6369346006441965
MEDIAN_GENECI;0.4319487138417832;0.7653333333333334;0.5986410235875583;0.2912690313217578;0.6182432432432432;0.4547561372825005;0.3068802397518966;0.6648888888888889;0.4858845643203927;0.3493489310651046;0.7552447552447552;0.5522968431549299;0.4441116774903227;0.782051282051282;0.6130814797708024;0.1913968765198525;0.6294591484464902;0.4104280124831713;0.2578697752662988;0.64;0.4489348876331494;0.1213114757727432;0.4775;0.2994057378863716;0.4151277568613888;0.608;0.5115638784306944;0.3161829765051316;0.5508021390374331;0.4334925577712823;0.345593277206955;0.540123456790123;0.442858366998539;0.16364256463441;0.724444444444444;0.444043504539427;0.626706383797405;0.893959148196436;0.7603327659969205;0.884386990129556;0.955882352941176;0.920134671535366;0.736301108794614;0.625;0.6806505543973069;0.0943775596116604;0.684615384615385;0.3894964721135227;0.337840981286255;0.66156462585034;0.4997028035682975;0.675565436865189;0.757286995515695;0.716426216190442;0.373054726699933;0.746634026927785;0.559844376813859;0.290082404230416;0.649938800489596;0.4700106023600059;0.324958954263189;0.731487148102815;0.528223051183002;0.351392993538394;0.602444444444444;0.476918718991419;0.383573640354274;0.657111111111111;0.5203423757326925;0.351785121161649;0.625444444444444;0.4886147828030465;0.571104190880538;0.940789473684211;0.7559468322823745;0.28999087488457;0.613636363636364;0.451813619260467;0.407001363908447;0.772727272727273;0.58986431831786
